"";"Temperature";"Temperature";"Temperature";"Dew Point";"Dew Point";"Dew Point";"Humidity";"Humidity";"Humidity";"Speed";"Speed";"Speed";"Pressure";"Pressure";"Precip. Accum.";"url"
"Date";"High";"Avg";"Low";"High";"Avg";"Low";"High";"Avg";"Low";"High";"Avg";"Low";"High";"Low";"Sum";"https://www.wunderground.com/dashboard/pws/ICUENC39/table/2024-01-12/2024-01-12/monthly"
"1/1/2024";"73.5 °F";"58.9 °F";"53.9 °F";"59.9 °F";"54.5 °F";"51.6 °F";"96 °%";"86 °%";"50 °%";"8.9 °mph";"0.9 °mph";"0.0 °mph";"30.03 °in";"29.92 °in";"0.00 °in";"https://www.wunderground.com/dashboard/pws/ICUENC39/table/2024-01-12/2024-01-12/monthly"
"1/2/2024";"73.9 °F";"58.5 °F";"53.4 °F";"60.4 °F";"54.4 °F";"52.1 °F";"96 °%";"87 °%";"51 °%";"12.9 °mph";"1.7 °mph";"0.0 °mph";"30.02 °in";"29.91 °in";"0.00 °in";"https://www.wunderground.com/dashboard/pws/ICUENC39/table/2024-01-12/2024-01-12/monthly"
"1/3/2024";"75.9 °F";"59.5 °F";"54.6 °F";"58.2 °F";"53.8 °F";"49.4 °F";"94 °%";"84 °%";"41 °%";"10.5 °mph";"1.4 °mph";"0.0 °mph";"30.02 °in";"29.90 °in";"0.00 °in";"https://www.wunderground.com/dashboard/pws/ICUENC39/table/2024-01-12/2024-01-12/monthly"
"1/4/2024";"72.8 °F";"57.3 °F";"51.2 °F";"59.3 °F";"52.5 °F";"49.1 °F";"94 °%";"85 °%";"49 °%";"9.6 °mph";"1.5 °mph";"0.0 °mph";"30.04 °in";"29.94 °in";"0.00 °in";"https://www.wunderground.com/dashboard/pws/ICUENC39/table/2024-01-12/2024-01-12/monthly"
"1/5/2024";"73.0 °F";"58.0 °F";"48.3 °F";"58.2 °F";"52.6 °F";"47.1 °F";"96 °%";"84 °%";"50 °%";"9.1 °mph";"1.1 °mph";"0.0 °mph";"30.03 °in";"29.90 °in";"0.00 °in";"https://www.wunderground.com/dashboard/pws/ICUENC39/table/2024-01-12/2024-01-12/monthly"
"1/6/2024";"76.6 °F";"58.7 °F";"51.8 °F";"58.1 °F";"53.4 °F";"50.1 °F";"96 °%";"84 °%";"44 °%";"7.6 °mph";"0.7 °mph";"0.0 °mph";"30.00 °in";"29.86 °in";"0.00 °in";"https://www.wunderground.com/dashboard/pws/ICUENC39/table/2024-01-12/2024-01-12/monthly"
"1/7/2024";"69.6 °F";"57.7 °F";"47.8 °F";"53.9 °F";"49.9 °F";"45.8 °F";"96 °%";"78 °%";"45 °%";"8.2 °mph";"0.8 °mph";"0.0 °mph";"29.99 °in";"29.89 °in";"0.00 °in";"https://www.wunderground.com/dashboard/pws/ICUENC39/table/2024-01-12/2024-01-12/monthly"
"1/8/2024";"77.7 °F";"60.4 °F";"53.0 °F";"58.6 °F";"52.6 °F";"47.1 °F";"93 °%";"78 °%";"37 °%";"9.3 °mph";"1.1 °mph";"0.0 °mph";"30.00 °in";"29.86 °in";"0.00 °in";"https://www.wunderground.com/dashboard/pws/ICUENC39/table/2024-01-12/2024-01-12/monthly"
"1/9/2024";"70.3 °F";"58.1 °F";"54.6 °F";"59.3 °F";"54.5 °F";"52.7 °F";"96 °%";"88 °%";"63 °%";"7.8 °mph";"0.5 °mph";"0.0 °mph";"30.00 °in";"29.89 °in";"0.00 °in";"https://www.wunderground.com/dashboard/pws/ICUENC39/table/2024-01-12/2024-01-12/monthly"
"1/10/2024";"76.6 °F";"60.6 °F";"54.3 °F";"61.3 °F";"54.3 °F";"47.8 °F";"96 °%";"82 °%";"39 °%";"10.0 °mph";"1.3 °mph";"0.0 °mph";"30.01 °in";"29.89 °in";"0.00 °in";"https://www.wunderground.com/dashboard/pws/ICUENC39/table/2024-01-12/2024-01-12/monthly"
"1/11/2024";"71.7 °F";"57.2 °F";"50.3 °F";"57.7 °F";"51.9 °F";"47.8 °F";"96 °%";"84 °%";"46 °%";"8.9 °mph";"1.1 °mph";"0.0 °mph";"30.02 °in";"29.92 °in";"0.00 °in";"https://www.wunderground.com/dashboard/pws/ICUENC39/table/2024-01-12/2024-01-12/monthly"
"1/12/2024";"75.9 °F";"58.5 °F";"51.8 °F";"56.8 °F";"52.5 °F";"47.1 °F";"96 °%";"83 °%";"38 °%";"9.6 °mph";"1.0 °mph";"0.0 °mph";"30.02 °in";"29.90 °in";"0.00 °in";"https://www.wunderground.com/dashboard/pws/ICUENC39/table/2024-01-12/2024-01-12/monthly"
"1/13/2024";"78.6 °F";"59.7 °F";"52.8 °F";"59.7 °F";"53.4 °F";"47.3 °F";"96 °%";"82 °%";"37 °%";"8.9 °mph";"1.3 °mph";"0.0 °mph";"30.03 °in";"29.89 °in";"0.00 °in";"https://www.wunderground.com/dashboard/pws/ICUENC39/table/2024-01-12/2024-01-12/monthly"
"1/14/2024";"73.5 °F";"57.8 °F";"47.3 °F";"59.1 °F";"53.0 °F";"46.4 °F";"97 °%";"86 °%";"49 °%";"7.8 °mph";"0.8 °mph";"0.0 °mph";"30.04 °in";"29.88 °in";"0.00 °in";"https://www.wunderground.com/dashboard/pws/ICUENC39/table/2024-01-12/2024-01-12/monthly"
"1/15/2024";"69.4 °F";"58.8 °F";"53.2 °F";"58.4 °F";"53.5 °F";"50.5 °F";"96 °%";"83 °%";"57 °%";"7.3 °mph";"0.7 °mph";"0.0 °mph";"30.00 °in";"29.88 °in";"0.00 °in";"https://www.wunderground.com/dashboard/pws/ICUENC39/table/2024-01-12/2024-01-12/monthly"
"1/16/2024";"65.3 °F";"57.5 °F";"53.4 °F";"55.5 °F";"53.2 °F";"51.4 °F";"95 °%";"86 °%";"65 °%";"6.9 °mph";"0.7 °mph";"0.0 °mph";"30.00 °in";"29.90 °in";"0.00 °in";"https://www.wunderground.com/dashboard/pws/ICUENC39/table/2024-01-12/2024-01-12/monthly"
"1/17/2024";"68.9 °F";"58.6 °F";"53.7 °F";"57.2 °F";"53.6 °F";"52.3 °F";"95 °%";"84 °%";"60 °%";"7.6 °mph";"0.9 °mph";"0.0 °mph";"30.01 °in";"29.92 °in";"0.00 °in";"https://www.wunderground.com/dashboard/pws/ICUENC39/table/2024-01-12/2024-01-12/monthly"
"1/18/2024";"67.2 °F";"57.7 °F";"50.5 °F";"55.7 °F";"52.8 °F";"48.3 °F";"95 °%";"85 °%";"61 °%";"7.1 °mph";"0.7 °mph";"0.0 °mph";"30.02 °in";"29.93 °in";"0.00 °in";"https://www.wunderground.com/dashboard/pws/ICUENC39/table/2024-01-12/2024-01-12/monthly"
"1/19/2024";"68.3 °F";"57.8 °F";"47.3 °F";"56.3 °F";"51.1 °F";"45.6 °F";"95 °%";"80 °%";"49 °%";"7.8 °mph";"0.9 °mph";"0.0 °mph";"30.02 °in";"29.91 °in";"0.00 °in";"https://www.wunderground.com/dashboard/pws/ICUENC39/table/2024-01-12/2024-01-12/monthly"
"1/20/2024";"68.0 °F";"58.1 °F";"49.4 °F";"58.8 °F";"51.8 °F";"47.3 °F";"95 °%";"81 °%";"59 °%";"7.8 °mph";"1.0 °mph";"0.0 °mph";"30.00 °in";"29.90 °in";"0.00 °in";"https://www.wunderground.com/dashboard/pws/ICUENC39/table/2024-01-12/2024-01-12/monthly"
"1/21/2024";"68.5 °F";"58.9 °F";"52.5 °F";"57.0 °F";"52.7 °F";"50.1 °F";"93 °%";"81 °%";"56 °%";"7.8 °mph";"0.9 °mph";"0.0 °mph";"30.03 °in";"29.93 °in";"0.00 °in";"https://www.wunderground.com/dashboard/pws/ICUENC39/table/2024-01-12/2024-01-12/monthly"
"1/22/2024";"69.6 °F";"59.3 °F";"49.8 °F";"54.6 °F";"51.1 °F";"47.4 °F";"94 °%";"76 °%";"51 °%";"8.0 °mph";"1.0 °mph";"0.0 °mph";"30.04 °in";"29.94 °in";"0.00 °in";"https://www.wunderground.com/dashboard/pws/ICUENC39/table/2024-01-12/2024-01-12/monthly"
"1/23/2024";"76.6 °F";"61.7 °F";"50.7 °F";"55.9 °F";"51.9 °F";"48.0 °F";"92 °%";"72 °%";"40 °%";"7.1 °mph";"1.0 °mph";"0.0 °mph";"30.04 °in";"29.93 °in";"0.00 °in";"https://www.wunderground.com/dashboard/pws/ICUENC39/table/2024-01-12/2024-01-12/monthly"
"1/24/2024";"77.7 °F";"62.2 °F";"46.4 °F";"54.6 °F";"49.2 °F";"37.0 °F";"94 °%";"68 °%";"26 °%";"7.3 °mph";"0.9 °mph";"0.0 °mph";"30.02 °in";"29.93 °in";"0.00 °in";"https://www.wunderground.com/dashboard/pws/ICUENC39/table/2024-01-12/2024-01-12/monthly"
"1/25/2024";"80.0 °F";"56.6 °F";"38.1 °F";"59.0 °F";"47.2 °F";"37.0 °F";"96 °%";"76 °%";"28 °%";"8.0 °mph";"0.8 °mph";"0.0 °mph";"30.03 °in";"29.90 °in";"0.00 °in";"https://www.wunderground.com/dashboard/pws/ICUENC39/table/2024-01-12/2024-01-12/monthly"
"1/26/2024";"79.3 °F";"57.9 °F";"40.2 °F";"57.7 °F";"48.7 °F";"39.0 °F";"96 °%";"77 °%";"31 °%";"6.7 °mph";"0.5 °mph";"0.0 °mph";"30.04 °in";"29.90 °in";"0.00 °in";"https://www.wunderground.com/dashboard/pws/ICUENC39/table/2024-01-12/2024-01-12/monthly"
"1/27/2024";"81.6 °F";"58.8 °F";"44.9 °F";"59.5 °F";"50.8 °F";"43.3 °F";"95 °%";"79 °%";"31 °%";"9.3 °mph";"0.9 °mph";"0.0 °mph";"30.05 °in";"29.91 °in";"0.00 °in";"https://www.wunderground.com/dashboard/pws/ICUENC39/table/2024-01-12/2024-01-12/monthly"
"1/28/2024";"79.3 °F";"60.7 °F";"47.8 °F";"60.6 °F";"52.2 °F";"46.2 °F";"95 °%";"77 °%";"32 °%";"10.7 °mph";"1.0 °mph";"0.0 °mph";"30.05 °in";"29.91 °in";"0.00 °in";"https://www.wunderground.com/dashboard/pws/ICUENC39/table/2024-01-12/2024-01-12/monthly"
"1/29/2024";"77.3 °F";"60.9 °F";"51.9 °F";"58.1 °F";"53.3 °F";"48.7 °F";"95 °%";"79 °%";"42 °%";"6.4 °mph";"0.8 °mph";"0.0 °mph";"30.04 °in";"29.92 °in";"0.00 °in";"https://www.wunderground.com/dashboard/pws/ICUENC39/table/2024-01-12/2024-01-12/monthly"
"1/30/2024";"80.6 °F";"60.8 °F";"47.6 °F";"60.9 °F";"51.8 °F";"42.0 °F";"96 °%";"77 °%";"26 °%";"8.0 °mph";"1.1 °mph";"0.0 °mph";"30.04 °in";"29.90 °in";"0.00 °in";"https://www.wunderground.com/dashboard/pws/ICUENC39/table/2024-01-12/2024-01-12/monthly"
"1/31/2024";"77.3 °F";"60.1 °F";"53.6 °F";"58.2 °F";"54.1 °F";"49.6 °F";"95 °%";"82 °%";"40 °%";"11.4 °mph";"0.8 °mph";"0.0 °mph";"30.03 °in";"29.91 °in";"0.00 °in";"https://www.wunderground.com/dashboard/pws/ICUENC39/table/2024-01-12/2024-01-12/monthly"
"Date";"High";"Avg";"Low";"High";"Avg";"Low";"High";"Avg";"Low";"High";"Avg";"Low";"High";"Low";"Sum";"https://www.wunderground.com/dashboard/pws/ICUENC39/table/2024-02-12/2024-02-12/monthly"
"2/1/2024";"73.0 °F";"60.9 °F";"52.1 °F";"56.8 °F";"53.3 °F";"50.3 °F";"94 °%";"78 °%";"49 °%";"7.3 °mph";"0.5 °mph";"0.0 °mph";"30.04 °in";"29.93 °in";"0.00 °in";"https://www.wunderground.com/dashboard/pws/ICUENC39/table/2024-02-12/2024-02-12/monthly"
"2/2/2024";"76.6 °F";"59.0 °F";"51.2 °F";"59.3 °F";"53.0 °F";"46.9 °F";"95 °%";"83 °%";"40 °%";"10.0 °mph";"1.1 °mph";"0.0 °mph";"30.04 °in";"29.91 °in";"0.00 °in";"https://www.wunderground.com/dashboard/pws/ICUENC39/table/2024-02-12/2024-02-12/monthly"
"2/3/2024";"76.2 °F";"59.6 °F";"52.7 °F";"60.0 °F";"53.9 °F";"50.5 °F";"96 °%";"83 °%";"46 °%";"8.2 °mph";"0.8 °mph";"0.0 °mph";"30.02 °in";"29.90 °in";"0.00 °in";"https://www.wunderground.com/dashboard/pws/ICUENC39/table/2024-02-12/2024-02-12/monthly"
"2/4/2024";"67.4 °F";"57.8 °F";"50.9 °F";"57.2 °F";"52.4 °F";"50.0 °F";"96 °%";"83 °%";"58 °%";"0.0 °mph";"0.0 °mph";"0.0 °mph";"30.00 °in";"29.89 °in";"0.00 °in";"https://www.wunderground.com/dashboard/pws/ICUENC39/table/2024-02-12/2024-02-12/monthly"
"2/5/2024";"69.6 °F";"56.5 °F";"48.2 °F";"56.8 °F";"52.1 °F";"46.9 °F";"96 °%";"86 °%";"54 °%";"8.7 °mph";"0.4 °mph";"0.0 °mph";"30.03 °in";"29.93 °in";"0.00 °in";"https://www.wunderground.com/dashboard/pws/ICUENC39/table/2024-02-12/2024-02-12/monthly"
"2/6/2024";"69.8 °F";"55.0 °F";"44.4 °F";"55.0 °F";"48.7 °F";"43.3 °F";"96 °%";"82 °%";"49 °%";"7.3 °mph";"0.3 °mph";"0.0 °mph";"30.07 °in";"29.92 °in";"0.00 °in";"https://www.wunderground.com/dashboard/pws/ICUENC39/table/2024-02-12/2024-02-12/monthly"
"2/7/2024";"75.7 °F";"58.6 °F";"49.1 °F";"59.9 °F";"53.3 °F";"48.0 °F";"96 °%";"84 °%";"42 °%";"5.5 °mph";"0.5 °mph";"0.0 °mph";"30.04 °in";"29.91 °in";"0.00 °in";"https://www.wunderground.com/dashboard/pws/ICUENC39/table/2024-02-12/2024-02-12/monthly"
"2/8/2024";"73.9 °F";"58.0 °F";"45.8 °F";"57.5 °F";"50.6 °F";"44.7 °F";"97 °%";"80 °%";"44 °%";"6.7 °mph";"0.8 °mph";"0.0 °mph";"30.03 °in";"29.89 °in";"0.00 °in";"https://www.wunderground.com/dashboard/pws/ICUENC39/table/2024-02-12/2024-02-12/monthly"
"2/9/2024";"74.1 °F";"57.6 °F";"48.5 °F";"56.6 °F";"51.4 °F";"47.4 °F";"96 °%";"82 °%";"46 °%";"6.0 °mph";"0.6 °mph";"0.0 °mph";"30.03 °in";"29.89 °in";"0.00 °in";"https://www.wunderground.com/dashboard/pws/ICUENC39/table/2024-02-12/2024-02-12/monthly"
"2/10/2024";"69.2 °F";"57.1 °F";"46.5 °F";"57.2 °F";"51.7 °F";"44.7 °F";"95 °%";"84 °%";"54 °%";"5.8 °mph";"0.6 °mph";"0.0 °mph";"30.03 °in";"29.91 °in";"0.00 °in";"https://www.wunderground.com/dashboard/pws/ICUENC39/table/2024-02-12/2024-02-12/monthly"
"2/11/2024";"77.7 °F";"58.7 °F";"45.3 °F";"57.7 °F";"50.7 °F";"44.0 °F";"96 °%";"78 °%";"38 °%";"7.8 °mph";"1.1 °mph";"0.0 °mph";"30.02 °in";"29.89 °in";"0.00 °in";"https://www.wunderground.com/dashboard/pws/ICUENC39/table/2024-02-12/2024-02-12/monthly"
"2/12/2024";"75.3 °F";"60.2 °F";"52.7 °F";"59.9 °F";"54.5 °F";"49.6 °F";"96 °%";"84 °%";"43 °%";"8.0 °mph";"0.6 °mph";"0.0 °mph";"30.01 °in";"29.89 °in";"0.00 °in";"https://www.wunderground.com/dashboard/pws/ICUENC39/table/2024-02-12/2024-02-12/monthly"
"2/13/2024";"71.4 °F";"59.9 °F";"53.2 °F";"57.3 °F";"53.5 °F";"51.0 °F";"96 °%";"81 °%";"52 °%";"6.7 °mph";"0.4 °mph";"0.0 °mph";"30.02 °in";"29.91 °in";"0.00 °in";"https://www.wunderground.com/dashboard/pws/ICUENC39/table/2024-02-12/2024-02-12/monthly"
"2/14/2024";"73.5 °F";"60.4 °F";"55.0 °F";"57.5 °F";"53.2 °F";"49.6 °F";"92 °%";"79 °%";"48 °%";"7.8 °mph";"0.9 °mph";"0.0 °mph";"30.03 °in";"29.94 °in";"0.00 °in";"https://www.wunderground.com/dashboard/pws/ICUENC39/table/2024-02-12/2024-02-12/monthly"
"2/15/2024";"69.9 °F";"58.9 °F";"51.8 °F";"57.9 °F";"52.2 °F";"48.9 °F";"92 °%";"79 °%";"56 °%";"7.1 °mph";"0.5 °mph";"0.0 °mph";"30.04 °in";"29.96 °in";"0.00 °in";"https://www.wunderground.com/dashboard/pws/ICUENC39/table/2024-02-12/2024-02-12/monthly"
"2/16/2024";"72.3 °F";"60.4 °F";"53.4 °F";"57.7 °F";"53.4 °F";"50.7 °F";"93 °%";"79 °%";"52 °%";"7.1 °mph";"0.5 °mph";"0.0 °mph";"30.03 °in";"29.91 °in";"0.00 °in";"https://www.wunderground.com/dashboard/pws/ICUENC39/table/2024-02-12/2024-02-12/monthly"
"2/17/2024";"75.2 °F";"60.7 °F";"53.9 °F";"60.0 °F";"53.7 °F";"50.5 °F";"93 °%";"79 °%";"45 °%";"8.0 °mph";"0.2 °mph";"0.0 °mph";"30.02 °in";"29.90 °in";"0.00 °in";"https://www.wunderground.com/dashboard/pws/ICUENC39/table/2024-02-12/2024-02-12/monthly"
"2/18/2024";"74.4 °F";"59.8 °F";"48.9 °F";"57.2 °F";"51.5 °F";"47.6 °F";"96 °%";"77 °%";"42 °%";"0.0 °mph";"0.0 °mph";"0.0 °mph";"30.03 °in";"29.92 °in";"0.00 °in";"https://www.wunderground.com/dashboard/pws/ICUENC39/table/2024-02-12/2024-02-12/monthly"
"2/19/2024";"75.9 °F";"59.6 °F";"47.8 °F";"59.0 °F";"53.7 °F";"46.5 °F";"96 °%";"83 °%";"38 °%";"0.0 °mph";"0.0 °mph";"0.0 °mph";"30.05 °in";"29.94 °in";"0.00 °in";"https://www.wunderground.com/dashboard/pws/ICUENC39/table/2024-02-12/2024-02-12/monthly"
"2/20/2024";"69.2 °F";"57.6 °F";"52.3 °F";"58.8 °F";"53.8 °F";"50.5 °F";"95 °%";"88 °%";"56 °%";"0.0 °mph";"0.0 °mph";"0.0 °mph";"30.07 °in";"29.96 °in";"0.00 °in";"https://www.wunderground.com/dashboard/pws/ICUENC39/table/2024-02-12/2024-02-12/monthly"
"2/21/2024";"69.0 °F";"56.6 °F";"48.9 °F";"57.2 °F";"51.8 °F";"45.1 °F";"96 °%";"85 °%";"47 °%";"12.0 °mph";"1.6 °mph";"0.0 °mph";"30.06 °in";"29.94 °in";"0.01 °in";"https://www.wunderground.com/dashboard/pws/ICUENC39/table/2024-02-12/2024-02-12/monthly"
"2/22/2024";"69.8 °F";"56.1 °F";"45.6 °F";"56.8 °F";"50.3 °F";"43.8 °F";"95 °%";"82 °%";"55 °%";"12.0 °mph";"1.7 °mph";"0.0 °mph";"30.02 °in";"29.88 °in";"0.00 °in";"https://www.wunderground.com/dashboard/pws/ICUENC39/table/2024-02-12/2024-02-12/monthly"
"2/23/2024";"73.4 °F";"55.4 °F";"41.9 °F";"56.8 °F";"48.3 °F";"40.6 °F";"95 °%";"80 °%";"37 °%";"11.8 °mph";"1.3 °mph";"0.0 °mph";"30.02 °in";"29.89 °in";"0.00 °in";"https://www.wunderground.com/dashboard/pws/ICUENC39/table/2024-02-12/2024-02-12/monthly"
"2/24/2024";"78.2 °F";"56.0 °F";"41.7 °F";"56.8 °F";"47.8 °F";"35.6 °F";"96 °%";"78 °%";"24 °%";"11.8 °mph";"1.4 °mph";"0.0 °mph";"30.04 °in";"29.92 °in";"0.00 °in";"https://www.wunderground.com/dashboard/pws/ICUENC39/table/2024-02-12/2024-02-12/monthly"
"2/25/2024";"79.7 °F";"57.7 °F";"43.5 °F";"57.2 °F";"49.6 °F";"41.5 °F";"94 °%";"77 °%";"34 °%";"11.8 °mph";"1.3 °mph";"0.0 °mph";"30.05 °in";"29.93 °in";"0.00 °in";"https://www.wunderground.com/dashboard/pws/ICUENC39/table/2024-02-12/2024-02-12/monthly"
"2/26/2024";"75.0 °F";"57.9 °F";"51.2 °F";"57.7 °F";"52.7 °F";"48.7 °F";"94 °%";"84 °%";"42 °%";"7.8 °mph";"0.9 °mph";"0.0 °mph";"30.04 °in";"29.93 °in";"0.00 °in";"https://www.wunderground.com/dashboard/pws/ICUENC39/table/2024-02-12/2024-02-12/monthly"
"2/27/2024";"71.7 °F";"59.7 °F";"52.1 °F";"57.7 °F";"53.0 °F";"48.2 °F";"95 °%";"81 °%";"46 °%";"8.9 °mph";"0.9 °mph";"0.0 °mph";"30.01 °in";"29.88 °in";"0.00 °in";"https://www.wunderground.com/dashboard/pws/ICUENC39/table/2024-02-12/2024-02-12/monthly"
"2/28/2024";"71.7 °F";"58.4 °F";"44.9 °F";"56.1 °F";"51.3 °F";"43.7 °F";"96 °%";"79 °%";"46 °%";"6.4 °mph";"0.5 °mph";"0.0 °mph";"30.02 °in";"29.89 °in";"0.00 °in";"https://www.wunderground.com/dashboard/pws/ICUENC39/table/2024-02-12/2024-02-12/monthly"
"2/29/2024";"75.9 °F";"58.7 °F";"47.4 °F";"56.6 °F";"52.3 °F";"46.2 °F";"96 °%";"82 °%";"44 °%";"7.6 °mph";"1.0 °mph";"0.0 °mph";"30.02 °in";"29.90 °in";"0.00 °in";"https://www.wunderground.com/dashboard/pws/ICUENC39/table/2024-02-12/2024-02-12/monthly"
"Date";"High";"Avg";"Low";"High";"Avg";"Low";"High";"Avg";"Low";"High";"Avg";"Low";"High";"Low";"Sum";"https://www.wunderground.com/dashboard/pws/ICUENC39/table/2024-03-12/2024-03-12/monthly"
"3/1/2024";"73.0 °F";"58.2 °F";"52.5 °F";"60.8 °F";"53.9 °F";"51.4 °F";"96 °%";"87 °%";"49 °%";"6.9 °mph";"0.9 °mph";"0.0 °mph";"30.04 °in";"29.94 °in";"0.00 °in";"https://www.wunderground.com/dashboard/pws/ICUENC39/table/2024-03-12/2024-03-12/monthly"
"3/2/2024";"75.0 °F";"57.2 °F";"51.6 °F";"59.3 °F";"52.0 °F";"48.9 °F";"95 °%";"84 °%";"44 °%";"10.2 °mph";"0.9 °mph";"0.0 °mph";"30.04 °in";"29.95 °in";"0.00 °in";"https://www.wunderground.com/dashboard/pws/ICUENC39/table/2024-03-12/2024-03-12/monthly"
"3/3/2024";"70.7 °F";"56.7 °F";"46.7 °F";"57.0 °F";"51.8 °F";"45.5 °F";"96 °%";"85 °%";"51 °%";"9.3 °mph";"0.9 °mph";"0.0 °mph";"30.04 °in";"29.91 °in";"0.00 °in";"https://www.wunderground.com/dashboard/pws/ICUENC39/table/2024-03-12/2024-03-12/monthly"
"3/4/2024";"73.5 °F";"57.8 °F";"48.9 °F";"59.7 °F";"53.7 °F";"47.1 °F";"95 °%";"87 °%";"46 °%";"6.7 °mph";"0.7 °mph";"0.0 °mph";"30.02 °in";"29.89 °in";"0.00 °in";"https://www.wunderground.com/dashboard/pws/ICUENC39/table/2024-03-12/2024-03-12/monthly"
"3/5/2024";"78.6 °F";"60.8 °F";"53.9 °F";"58.1 °F";"54.1 °F";"48.9 °F";"96 °%";"81 °%";"40 °%";"7.1 °mph";"0.9 °mph";"0.0 °mph";"30.00 °in";"29.86 °in";"0.00 °in";"https://www.wunderground.com/dashboard/pws/ICUENC39/table/2024-03-12/2024-03-12/monthly"
"3/6/2024";"72.1 °F";"60.1 °F";"53.2 °F";"60.6 °F";"53.9 °F";"50.1 °F";"96 °%";"81 °%";"53 °%";"5.1 °mph";"0.6 °mph";"0.0 °mph";"30.00 °in";"29.88 °in";"0.00 °in";"https://www.wunderground.com/dashboard/pws/ICUENC39/table/2024-03-12/2024-03-12/monthly"
"3/7/2024";"71.2 °F";"60.2 °F";"55.0 °F";"58.8 °F";"53.4 °F";"49.8 °F";"92 °%";"79 °%";"50 °%";"7.1 °mph";"0.4 °mph";"0.0 °mph";"30.03 °in";"29.91 °in";"0.00 °in";"https://www.wunderground.com/dashboard/pws/ICUENC39/table/2024-03-12/2024-03-12/monthly"
"3/8/2024";"74.8 °F";"58.7 °F";"46.5 °F";"59.3 °F";"52.8 °F";"45.3 °F";"95 °%";"82 °%";"47 °%";"0.0 °mph";"0.0 °mph";"0.0 °mph";"30.04 °in";"29.92 °in";"0.00 °in";"https://www.wunderground.com/dashboard/pws/ICUENC39/table/2024-03-12/2024-03-12/monthly"
"3/9/2024";"72.3 °F";"57.8 °F";"45.5 °F";"56.1 °F";"50.9 °F";"44.4 °F";"96 °%";"80 °%";"48 °%";"0.0 °mph";"0.0 °mph";"0.0 °mph";"30.05 °in";"29.92 °in";"0.00 °in";"https://www.wunderground.com/dashboard/pws/ICUENC39/table/2024-03-12/2024-03-12/monthly"
"3/10/2024";"74.8 °F";"60.0 °F";"49.8 °F";"55.2 °F";"52.0 °F";"48.0 °F";"95 °%";"77 °%";"43 °%";"7.1 °mph";"0.8 °mph";"0.0 °mph";"30.04 °in";"29.92 °in";"0.00 °in";"https://www.wunderground.com/dashboard/pws/ICUENC39/table/2024-03-12/2024-03-12/monthly"
"3/11/2024";"72.1 °F";"59.9 °F";"48.9 °F";"53.9 °F";"51.4 °F";"47.1 °F";"95 °%";"75 °%";"47 °%";"6.4 °mph";"0.7 °mph";"0.0 °mph";"30.04 °in";"29.93 °in";"0.00 °in";"https://www.wunderground.com/dashboard/pws/ICUENC39/table/2024-03-12/2024-03-12/monthly"
"3/12/2024";"72.5 °F";"61.1 °F";"54.8 °F";"55.5 °F";"52.4 °F";"50.5 °F";"88 °%";"74 °%";"47 °%";"0.0 °mph";"0.0 °mph";"0.0 °mph";"30.05 °in";"29.94 °in";"0.00 °in";"https://www.wunderground.com/dashboard/pws/ICUENC39/table/2024-03-12/2024-03-12/monthly"
"3/13/2024";"75.2 °F";"60.8 °F";"54.3 °F";"61.7 °F";"53.6 °F";"51.4 °F";"92 °%";"79 °%";"47 °%";"0.0 °mph";"0.0 °mph";"0.0 °mph";"30.03 °in";"29.90 °in";"0.00 °in";"https://www.wunderground.com/dashboard/pws/ICUENC39/table/2024-03-12/2024-03-12/monthly"
"3/14/2024";"67.2 °F";"58.5 °F";"51.8 °F";"57.2 °F";"52.8 °F";"48.2 °F";"93 °%";"82 °%";"65 °%";"0.0 °mph";"0.0 °mph";"0.0 °mph";"30.02 °in";"29.92 °in";"0.00 °in";"https://www.wunderground.com/dashboard/pws/ICUENC39/table/2024-03-12/2024-03-12/monthly"
"3/15/2024";"68.0 °F";"58.2 °F";"50.1 °F";"53.7 °F";"50.4 °F";"47.4 °F";"93 °%";"77 °%";"52 °%";"0.0 °mph";"0.0 °mph";"0.0 °mph";"30.00 °in";"29.90 °in";"0.00 °in";"https://www.wunderground.com/dashboard/pws/ICUENC39/table/2024-03-12/2024-03-12/monthly"
"3/16/2024";"72.6 °F";"59.4 °F";"47.1 °F";"53.2 °F";"49.7 °F";"44.9 °F";"95 °%";"73 °%";"45 °%";"0.0 °mph";"0.0 °mph";"0.0 °mph";"30.01 °in";"29.89 °in";"0.00 °in";"https://www.wunderground.com/dashboard/pws/ICUENC39/table/2024-03-12/2024-03-12/monthly"
"3/17/2024";"78.0 °F";"58.4 °F";"39.2 °F";"53.6 °F";"46.8 °F";"37.9 °F";"96 °%";"70 °%";"34 °%";"10.5 °mph";"0.7 °mph";"0.0 °mph";"30.00 °in";"29.88 °in";"0.00 °in";"https://www.wunderground.com/dashboard/pws/ICUENC39/table/2024-03-12/2024-03-12/monthly"
"3/18/2024";"75.2 °F";"60.6 °F";"48.2 °F";"54.3 °F";"51.3 °F";"46.2 °F";"93 °%";"74 °%";"39 °%";"9.3 °mph";"0.8 °mph";"0.0 °mph";"30.03 °in";"29.90 °in";"0.00 °in";"https://www.wunderground.com/dashboard/pws/ICUENC39/table/2024-03-12/2024-03-12/monthly"
"3/19/2024";"70.5 °F";"55.5 °F";"45.6 °F";"54.8 °F";"49.3 °F";"44.0 °F";"95 °%";"82 °%";"51 °%";"6.4 °mph";"0.4 °mph";"0.0 °mph";"30.06 °in";"29.93 °in";"0.00 °in";"https://www.wunderground.com/dashboard/pws/ICUENC39/table/2024-03-12/2024-03-12/monthly"
"3/20/2024";"78.8 °F";"60.0 °F";"48.2 °F";"59.9 °F";"51.5 °F";"41.3 °F";"95 °%";"78 °%";"30 °%";"9.6 °mph";"1.1 °mph";"0.0 °mph";"30.04 °in";"29.91 °in";"0.00 °in";"https://www.wunderground.com/dashboard/pws/ICUENC39/table/2024-03-12/2024-03-12/monthly"
"3/21/2024";"78.6 °F";"60.4 °F";"52.1 °F";"59.5 °F";"54.6 °F";"49.6 °F";"95 °%";"83 °%";"38 °%";"10.7 °mph";"1.3 °mph";"0.0 °mph";"30.02 °in";"29.90 °in";"0.00 °in";"https://www.wunderground.com/dashboard/pws/ICUENC39/table/2024-03-12/2024-03-12/monthly"
"3/22/2024";"68.7 °F";"57.2 °F";"51.6 °F";"59.0 °F";"53.5 °F";"50.5 °F";"96 °%";"88 °%";"54 °%";"8.2 °mph";"0.8 °mph";"0.0 °mph";"30.03 °in";"29.96 °in";"0.00 °in";"https://www.wunderground.com/dashboard/pws/ICUENC39/table/2024-03-12/2024-03-12/monthly"
"3/23/2024";"74.3 °F";"57.2 °F";"48.2 °F";"60.0 °F";"52.5 °F";"47.1 °F";"96 °%";"86 °%";"50 °%";"8.5 °mph";"0.8 °mph";"0.0 °mph";"30.04 °in";"29.93 °in";"0.00 °in";"https://www.wunderground.com/dashboard/pws/ICUENC39/table/2024-03-12/2024-03-12/monthly"
"3/24/2024";"77.7 °F";"58.2 °F";"47.8 °F";"59.0 °F";"52.5 °F";"46.0 °F";"96 °%";"84 °%";"39 °%";"14.5 °mph";"1.4 °mph";"0.0 °mph";"30.02 °in";"29.90 °in";"0.00 °in";"https://www.wunderground.com/dashboard/pws/ICUENC39/table/2024-03-12/2024-03-12/monthly"
"3/25/2024";"77.0 °F";"57.0 °F";"44.0 °F";"58.8 °F";"49.7 °F";"42.8 °F";"96 °%";"80 °%";"35 °%";"13.1 °mph";"1.7 °mph";"0.0 °mph";"30.02 °in";"29.90 °in";"0.00 °in";"https://www.wunderground.com/dashboard/pws/ICUENC39/table/2024-03-12/2024-03-12/monthly"
"3/26/2024";"73.0 °F";"57.2 °F";"46.2 °F";"55.9 °F";"49.8 °F";"43.7 °F";"94 °%";"78 °%";"39 °%";"12.0 °mph";"1.6 °mph";"0.0 °mph";"30.04 °in";"29.90 °in";"0.00 °in";"https://www.wunderground.com/dashboard/pws/ICUENC39/table/2024-03-12/2024-03-12/monthly"
"3/27/2024";"73.7 °F";"54.1 °F";"39.2 °F";"55.0 °F";"44.7 °F";"36.5 °F";"96 °%";"76 °%";"28 °%";"12.7 °mph";"1.6 °mph";"0.0 °mph";"30.06 °in";"29.94 °in";"0.00 °in";"https://www.wunderground.com/dashboard/pws/ICUENC39/table/2024-03-12/2024-03-12/monthly"
"3/28/2024";"81.5 °F";"52.4 °F";"32.1 °F";"53.2 °F";"42.0 °F";"30.9 °F";"96 °%";"75 °%";"20 °%";"10.9 °mph";"0.9 °mph";"0.0 °mph";"30.07 °in";"29.91 °in";"0.00 °in";"https://www.wunderground.com/dashboard/pws/ICUENC39/table/2024-03-12/2024-03-12/monthly"
"3/29/2024";"69.6 °F";"52.2 °F";"39.5 °F";"53.9 °F";"47.0 °F";"38.3 °F";"96 °%";"84 °%";"52 °%";"8.5 °mph";"0.5 °mph";"0.0 °mph";"30.06 °in";"29.95 °in";"0.00 °in";"https://www.wunderground.com/dashboard/pws/ICUENC39/table/2024-03-12/2024-03-12/monthly"
"3/30/2024";"68.9 °F";"53.8 °F";"41.9 °F";"54.1 °F";"48.3 °F";"40.8 °F";"96 °%";"83 °%";"53 °%";"6.0 °mph";"0.4 °mph";"0.0 °mph";"30.05 °in";"29.93 °in";"0.00 °in";"https://www.wunderground.com/dashboard/pws/ICUENC39/table/2024-03-12/2024-03-12/monthly"
"3/31/2024";"75.2 °F";"56.4 °F";"42.6 °F";"57.3 °F";"49.6 °F";"41.3 °F";"95 °%";"81 °%";"41 °%";"9.3 °mph";"1.1 °mph";"0.0 °mph";"30.03 °in";"29.91 °in";"0.00 °in";"https://www.wunderground.com/dashboard/pws/ICUENC39/table/2024-03-12/2024-03-12/monthly"
"Date";"High";"Avg";"Low";"High";"Avg";"Low";"High";"Avg";"Low";"High";"Avg";"Low";"High";"Low";"Sum";"https://www.wunderground.com/dashboard/pws/ICUENC39/table/2024-01-12/2024-01-12/monthly"
"1/1/2024";"73.5 °F";"58.9 °F";"53.9 °F";"59.9 °F";"54.5 °F";"51.6 °F";"96 °%";"86 °%";"50 °%";"8.9 °mph";"0.9 °mph";"0.0 °mph";"30.03 °in";"29.92 °in";"0.00 °in";"https://www.wunderground.com/dashboard/pws/ICUENC39/table/2024-01-12/2024-01-12/monthly"
"1/2/2024";"73.9 °F";"58.5 °F";"53.4 °F";"60.4 °F";"54.4 °F";"52.1 °F";"96 °%";"87 °%";"51 °%";"12.9 °mph";"1.7 °mph";"0.0 °mph";"30.02 °in";"29.91 °in";"0.00 °in";"https://www.wunderground.com/dashboard/pws/ICUENC39/table/2024-01-12/2024-01-12/monthly"
"1/3/2024";"75.9 °F";"59.5 °F";"54.6 °F";"58.2 °F";"53.8 °F";"49.4 °F";"94 °%";"84 °%";"41 °%";"10.5 °mph";"1.4 °mph";"0.0 °mph";"30.02 °in";"29.90 °in";"0.00 °in";"https://www.wunderground.com/dashboard/pws/ICUENC39/table/2024-01-12/2024-01-12/monthly"
"1/4/2024";"72.8 °F";"57.3 °F";"51.2 °F";"59.3 °F";"52.5 °F";"49.1 °F";"94 °%";"85 °%";"49 °%";"9.6 °mph";"1.5 °mph";"0.0 °mph";"30.04 °in";"29.94 °in";"0.00 °in";"https://www.wunderground.com/dashboard/pws/ICUENC39/table/2024-01-12/2024-01-12/monthly"
"1/5/2024";"73.0 °F";"58.0 °F";"48.3 °F";"58.2 °F";"52.6 °F";"47.1 °F";"96 °%";"84 °%";"50 °%";"9.1 °mph";"1.1 °mph";"0.0 °mph";"30.03 °in";"29.90 °in";"0.00 °in";"https://www.wunderground.com/dashboard/pws/ICUENC39/table/2024-01-12/2024-01-12/monthly"
"1/6/2024";"76.6 °F";"58.7 °F";"51.8 °F";"58.1 °F";"53.4 °F";"50.1 °F";"96 °%";"84 °%";"44 °%";"7.6 °mph";"0.7 °mph";"0.0 °mph";"30.00 °in";"29.86 °in";"0.00 °in";"https://www.wunderground.com/dashboard/pws/ICUENC39/table/2024-01-12/2024-01-12/monthly"
"1/7/2024";"69.6 °F";"57.7 °F";"47.8 °F";"53.9 °F";"49.9 °F";"45.8 °F";"96 °%";"78 °%";"45 °%";"8.2 °mph";"0.8 °mph";"0.0 °mph";"29.99 °in";"29.89 °in";"0.00 °in";"https://www.wunderground.com/dashboard/pws/ICUENC39/table/2024-01-12/2024-01-12/monthly"
"1/8/2024";"77.7 °F";"60.4 °F";"53.0 °F";"58.6 °F";"52.6 °F";"47.1 °F";"93 °%";"78 °%";"37 °%";"9.3 °mph";"1.1 °mph";"0.0 °mph";"30.00 °in";"29.86 °in";"0.00 °in";"https://www.wunderground.com/dashboard/pws/ICUENC39/table/2024-01-12/2024-01-12/monthly"
"1/9/2024";"70.3 °F";"58.1 °F";"54.6 °F";"59.3 °F";"54.5 °F";"52.7 °F";"96 °%";"88 °%";"63 °%";"7.8 °mph";"0.5 °mph";"0.0 °mph";"30.00 °in";"29.89 °in";"0.00 °in";"https://www.wunderground.com/dashboard/pws/ICUENC39/table/2024-01-12/2024-01-12/monthly"
"1/10/2024";"76.6 °F";"60.6 °F";"54.3 °F";"61.3 °F";"54.3 °F";"47.8 °F";"96 °%";"82 °%";"39 °%";"10.0 °mph";"1.3 °mph";"0.0 °mph";"30.01 °in";"29.89 °in";"0.00 °in";"https://www.wunderground.com/dashboard/pws/ICUENC39/table/2024-01-12/2024-01-12/monthly"
"1/11/2024";"71.7 °F";"57.2 °F";"50.3 °F";"57.7 °F";"51.9 °F";"47.8 °F";"96 °%";"84 °%";"46 °%";"8.9 °mph";"1.1 °mph";"0.0 °mph";"30.02 °in";"29.92 °in";"0.00 °in";"https://www.wunderground.com/dashboard/pws/ICUENC39/table/2024-01-12/2024-01-12/monthly"
"1/12/2024";"75.9 °F";"58.5 °F";"51.8 °F";"56.8 °F";"52.5 °F";"47.1 °F";"96 °%";"83 °%";"38 °%";"9.6 °mph";"1.0 °mph";"0.0 °mph";"30.02 °in";"29.90 °in";"0.00 °in";"https://www.wunderground.com/dashboard/pws/ICUENC39/table/2024-01-12/2024-01-12/monthly"
"1/13/2024";"78.6 °F";"59.7 °F";"52.8 °F";"59.7 °F";"53.4 °F";"47.3 °F";"96 °%";"82 °%";"37 °%";"8.9 °mph";"1.3 °mph";"0.0 °mph";"30.03 °in";"29.89 °in";"0.00 °in";"https://www.wunderground.com/dashboard/pws/ICUENC39/table/2024-01-12/2024-01-12/monthly"
"1/14/2024";"73.5 °F";"57.8 °F";"47.3 °F";"59.1 °F";"53.0 °F";"46.4 °F";"97 °%";"86 °%";"49 °%";"7.8 °mph";"0.8 °mph";"0.0 °mph";"30.04 °in";"29.88 °in";"0.00 °in";"https://www.wunderground.com/dashboard/pws/ICUENC39/table/2024-01-12/2024-01-12/monthly"
"1/15/2024";"69.4 °F";"58.8 °F";"53.2 °F";"58.4 °F";"53.5 °F";"50.5 °F";"96 °%";"83 °%";"57 °%";"7.3 °mph";"0.7 °mph";"0.0 °mph";"30.00 °in";"29.88 °in";"0.00 °in";"https://www.wunderground.com/dashboard/pws/ICUENC39/table/2024-01-12/2024-01-12/monthly"
"1/16/2024";"65.3 °F";"57.5 °F";"53.4 °F";"55.5 °F";"53.2 °F";"51.4 °F";"95 °%";"86 °%";"65 °%";"6.9 °mph";"0.7 °mph";"0.0 °mph";"30.00 °in";"29.90 °in";"0.00 °in";"https://www.wunderground.com/dashboard/pws/ICUENC39/table/2024-01-12/2024-01-12/monthly"
"1/17/2024";"68.9 °F";"58.6 °F";"53.7 °F";"57.2 °F";"53.6 °F";"52.3 °F";"95 °%";"84 °%";"60 °%";"7.6 °mph";"0.9 °mph";"0.0 °mph";"30.01 °in";"29.92 °in";"0.00 °in";"https://www.wunderground.com/dashboard/pws/ICUENC39/table/2024-01-12/2024-01-12/monthly"
"1/18/2024";"67.2 °F";"57.7 °F";"50.5 °F";"55.7 °F";"52.8 °F";"48.3 °F";"95 °%";"85 °%";"61 °%";"7.1 °mph";"0.7 °mph";"0.0 °mph";"30.02 °in";"29.93 °in";"0.00 °in";"https://www.wunderground.com/dashboard/pws/ICUENC39/table/2024-01-12/2024-01-12/monthly"
"1/19/2024";"68.3 °F";"57.8 °F";"47.3 °F";"56.3 °F";"51.1 °F";"45.6 °F";"95 °%";"80 °%";"49 °%";"7.8 °mph";"0.9 °mph";"0.0 °mph";"30.02 °in";"29.91 °in";"0.00 °in";"https://www.wunderground.com/dashboard/pws/ICUENC39/table/2024-01-12/2024-01-12/monthly"
"1/20/2024";"68.0 °F";"58.1 °F";"49.4 °F";"58.8 °F";"51.8 °F";"47.3 °F";"95 °%";"81 °%";"59 °%";"7.8 °mph";"1.0 °mph";"0.0 °mph";"30.00 °in";"29.90 °in";"0.00 °in";"https://www.wunderground.com/dashboard/pws/ICUENC39/table/2024-01-12/2024-01-12/monthly"
"1/21/2024";"68.5 °F";"58.9 °F";"52.5 °F";"57.0 °F";"52.7 °F";"50.1 °F";"93 °%";"81 °%";"56 °%";"7.8 °mph";"0.9 °mph";"0.0 °mph";"30.03 °in";"29.93 °in";"0.00 °in";"https://www.wunderground.com/dashboard/pws/ICUENC39/table/2024-01-12/2024-01-12/monthly"
"1/22/2024";"69.6 °F";"59.3 °F";"49.8 °F";"54.6 °F";"51.1 °F";"47.4 °F";"94 °%";"76 °%";"51 °%";"8.0 °mph";"1.0 °mph";"0.0 °mph";"30.04 °in";"29.94 °in";"0.00 °in";"https://www.wunderground.com/dashboard/pws/ICUENC39/table/2024-01-12/2024-01-12/monthly"
"1/23/2024";"76.6 °F";"61.7 °F";"50.7 °F";"55.9 °F";"51.9 °F";"48.0 °F";"92 °%";"72 °%";"40 °%";"7.1 °mph";"1.0 °mph";"0.0 °mph";"30.04 °in";"29.93 °in";"0.00 °in";"https://www.wunderground.com/dashboard/pws/ICUENC39/table/2024-01-12/2024-01-12/monthly"
"1/24/2024";"77.7 °F";"62.2 °F";"46.4 °F";"54.6 °F";"49.2 °F";"37.0 °F";"94 °%";"68 °%";"26 °%";"7.3 °mph";"0.9 °mph";"0.0 °mph";"30.02 °in";"29.93 °in";"0.00 °in";"https://www.wunderground.com/dashboard/pws/ICUENC39/table/2024-01-12/2024-01-12/monthly"
"1/25/2024";"80.0 °F";"56.6 °F";"38.1 °F";"59.0 °F";"47.2 °F";"37.0 °F";"96 °%";"76 °%";"28 °%";"8.0 °mph";"0.8 °mph";"0.0 °mph";"30.03 °in";"29.90 °in";"0.00 °in";"https://www.wunderground.com/dashboard/pws/ICUENC39/table/2024-01-12/2024-01-12/monthly"
"1/26/2024";"79.3 °F";"57.9 °F";"40.2 °F";"57.7 °F";"48.7 °F";"39.0 °F";"96 °%";"77 °%";"31 °%";"6.7 °mph";"0.5 °mph";"0.0 °mph";"30.04 °in";"29.90 °in";"0.00 °in";"https://www.wunderground.com/dashboard/pws/ICUENC39/table/2024-01-12/2024-01-12/monthly"
"1/27/2024";"81.6 °F";"58.8 °F";"44.9 °F";"59.5 °F";"50.8 °F";"43.3 °F";"95 °%";"79 °%";"31 °%";"9.3 °mph";"0.9 °mph";"0.0 °mph";"30.05 °in";"29.91 °in";"0.00 °in";"https://www.wunderground.com/dashboard/pws/ICUENC39/table/2024-01-12/2024-01-12/monthly"
"1/28/2024";"79.3 °F";"60.7 °F";"47.8 °F";"60.6 °F";"52.2 °F";"46.2 °F";"95 °%";"77 °%";"32 °%";"10.7 °mph";"1.0 °mph";"0.0 °mph";"30.05 °in";"29.91 °in";"0.00 °in";"https://www.wunderground.com/dashboard/pws/ICUENC39/table/2024-01-12/2024-01-12/monthly"
"1/29/2024";"77.3 °F";"60.9 °F";"51.9 °F";"58.1 °F";"53.3 °F";"48.7 °F";"95 °%";"79 °%";"42 °%";"6.4 °mph";"0.8 °mph";"0.0 °mph";"30.04 °in";"29.92 °in";"0.00 °in";"https://www.wunderground.com/dashboard/pws/ICUENC39/table/2024-01-12/2024-01-12/monthly"
"1/30/2024";"80.6 °F";"60.8 °F";"47.6 °F";"60.9 °F";"51.8 °F";"42.0 °F";"96 °%";"77 °%";"26 °%";"8.0 °mph";"1.1 °mph";"0.0 °mph";"30.04 °in";"29.90 °in";"0.00 °in";"https://www.wunderground.com/dashboard/pws/ICUENC39/table/2024-01-12/2024-01-12/monthly"
"1/31/2024";"77.3 °F";"60.1 °F";"53.6 °F";"58.2 °F";"54.1 °F";"49.6 °F";"95 °%";"82 °%";"40 °%";"11.4 °mph";"0.8 °mph";"0.0 °mph";"30.03 °in";"29.91 °in";"0.00 °in";"https://www.wunderground.com/dashboard/pws/ICUENC39/table/2024-01-12/2024-01-12/monthly"
"Date";"High";"Avg";"Low";"High";"Avg";"Low";"High";"Avg";"Low";"High";"Avg";"Low";"High";"Low";"Sum";"https://www.wunderground.com/dashboard/pws/ICUENC39/table/2024-02-12/2024-02-12/monthly"
"2/1/2024";"73.0 °F";"60.9 °F";"52.1 °F";"56.8 °F";"53.3 °F";"50.3 °F";"94 °%";"78 °%";"49 °%";"7.3 °mph";"0.5 °mph";"0.0 °mph";"30.04 °in";"29.93 °in";"0.00 °in";"https://www.wunderground.com/dashboard/pws/ICUENC39/table/2024-02-12/2024-02-12/monthly"
"2/2/2024";"76.6 °F";"59.0 °F";"51.2 °F";"59.3 °F";"53.0 °F";"46.9 °F";"95 °%";"83 °%";"40 °%";"10.0 °mph";"1.1 °mph";"0.0 °mph";"30.04 °in";"29.91 °in";"0.00 °in";"https://www.wunderground.com/dashboard/pws/ICUENC39/table/2024-02-12/2024-02-12/monthly"
"2/3/2024";"76.2 °F";"59.6 °F";"52.7 °F";"60.0 °F";"53.9 °F";"50.5 °F";"96 °%";"83 °%";"46 °%";"8.2 °mph";"0.8 °mph";"0.0 °mph";"30.02 °in";"29.90 °in";"0.00 °in";"https://www.wunderground.com/dashboard/pws/ICUENC39/table/2024-02-12/2024-02-12/monthly"
"2/4/2024";"67.4 °F";"57.8 °F";"50.9 °F";"57.2 °F";"52.4 °F";"50.0 °F";"96 °%";"83 °%";"58 °%";"0.0 °mph";"0.0 °mph";"0.0 °mph";"30.00 °in";"29.89 °in";"0.00 °in";"https://www.wunderground.com/dashboard/pws/ICUENC39/table/2024-02-12/2024-02-12/monthly"
"2/5/2024";"69.6 °F";"56.5 °F";"48.2 °F";"56.8 °F";"52.1 °F";"46.9 °F";"96 °%";"86 °%";"54 °%";"8.7 °mph";"0.4 °mph";"0.0 °mph";"30.03 °in";"29.93 °in";"0.00 °in";"https://www.wunderground.com/dashboard/pws/ICUENC39/table/2024-02-12/2024-02-12/monthly"
"2/6/2024";"69.8 °F";"55.0 °F";"44.4 °F";"55.0 °F";"48.7 °F";"43.3 °F";"96 °%";"82 °%";"49 °%";"7.3 °mph";"0.3 °mph";"0.0 °mph";"30.07 °in";"29.92 °in";"0.00 °in";"https://www.wunderground.com/dashboard/pws/ICUENC39/table/2024-02-12/2024-02-12/monthly"
"2/7/2024";"75.7 °F";"58.6 °F";"49.1 °F";"59.9 °F";"53.3 °F";"48.0 °F";"96 °%";"84 °%";"42 °%";"5.5 °mph";"0.5 °mph";"0.0 °mph";"30.04 °in";"29.91 °in";"0.00 °in";"https://www.wunderground.com/dashboard/pws/ICUENC39/table/2024-02-12/2024-02-12/monthly"
"2/8/2024";"73.9 °F";"58.0 °F";"45.8 °F";"57.5 °F";"50.6 °F";"44.7 °F";"97 °%";"80 °%";"44 °%";"6.7 °mph";"0.8 °mph";"0.0 °mph";"30.03 °in";"29.89 °in";"0.00 °in";"https://www.wunderground.com/dashboard/pws/ICUENC39/table/2024-02-12/2024-02-12/monthly"
"2/9/2024";"74.1 °F";"57.6 °F";"48.5 °F";"56.6 °F";"51.4 °F";"47.4 °F";"96 °%";"82 °%";"46 °%";"6.0 °mph";"0.6 °mph";"0.0 °mph";"30.03 °in";"29.89 °in";"0.00 °in";"https://www.wunderground.com/dashboard/pws/ICUENC39/table/2024-02-12/2024-02-12/monthly"
"2/10/2024";"69.2 °F";"57.1 °F";"46.5 °F";"57.2 °F";"51.7 °F";"44.7 °F";"95 °%";"84 °%";"54 °%";"5.8 °mph";"0.6 °mph";"0.0 °mph";"30.03 °in";"29.91 °in";"0.00 °in";"https://www.wunderground.com/dashboard/pws/ICUENC39/table/2024-02-12/2024-02-12/monthly"
"2/11/2024";"77.7 °F";"58.7 °F";"45.3 °F";"57.7 °F";"50.7 °F";"44.0 °F";"96 °%";"78 °%";"38 °%";"7.8 °mph";"1.1 °mph";"0.0 °mph";"30.02 °in";"29.89 °in";"0.00 °in";"https://www.wunderground.com/dashboard/pws/ICUENC39/table/2024-02-12/2024-02-12/monthly"
"2/12/2024";"75.3 °F";"60.2 °F";"52.7 °F";"59.9 °F";"54.5 °F";"49.6 °F";"96 °%";"84 °%";"43 °%";"8.0 °mph";"0.6 °mph";"0.0 °mph";"30.01 °in";"29.89 °in";"0.00 °in";"https://www.wunderground.com/dashboard/pws/ICUENC39/table/2024-02-12/2024-02-12/monthly"
"2/13/2024";"71.4 °F";"59.9 °F";"53.2 °F";"57.3 °F";"53.5 °F";"51.0 °F";"96 °%";"81 °%";"52 °%";"6.7 °mph";"0.4 °mph";"0.0 °mph";"30.02 °in";"29.91 °in";"0.00 °in";"https://www.wunderground.com/dashboard/pws/ICUENC39/table/2024-02-12/2024-02-12/monthly"
"2/14/2024";"73.5 °F";"60.4 °F";"55.0 °F";"57.5 °F";"53.2 °F";"49.6 °F";"92 °%";"79 °%";"48 °%";"7.8 °mph";"0.9 °mph";"0.0 °mph";"30.03 °in";"29.94 °in";"0.00 °in";"https://www.wunderground.com/dashboard/pws/ICUENC39/table/2024-02-12/2024-02-12/monthly"
"2/15/2024";"69.9 °F";"58.9 °F";"51.8 °F";"57.9 °F";"52.2 °F";"48.9 °F";"92 °%";"79 °%";"56 °%";"7.1 °mph";"0.5 °mph";"0.0 °mph";"30.04 °in";"29.96 °in";"0.00 °in";"https://www.wunderground.com/dashboard/pws/ICUENC39/table/2024-02-12/2024-02-12/monthly"
"2/16/2024";"72.3 °F";"60.4 °F";"53.4 °F";"57.7 °F";"53.4 °F";"50.7 °F";"93 °%";"79 °%";"52 °%";"7.1 °mph";"0.5 °mph";"0.0 °mph";"30.03 °in";"29.91 °in";"0.00 °in";"https://www.wunderground.com/dashboard/pws/ICUENC39/table/2024-02-12/2024-02-12/monthly"
"2/17/2024";"75.2 °F";"60.7 °F";"53.9 °F";"60.0 °F";"53.7 °F";"50.5 °F";"93 °%";"79 °%";"45 °%";"8.0 °mph";"0.2 °mph";"0.0 °mph";"30.02 °in";"29.90 °in";"0.00 °in";"https://www.wunderground.com/dashboard/pws/ICUENC39/table/2024-02-12/2024-02-12/monthly"
"2/18/2024";"74.4 °F";"59.8 °F";"48.9 °F";"57.2 °F";"51.5 °F";"47.6 °F";"96 °%";"77 °%";"42 °%";"0.0 °mph";"0.0 °mph";"0.0 °mph";"30.03 °in";"29.92 °in";"0.00 °in";"https://www.wunderground.com/dashboard/pws/ICUENC39/table/2024-02-12/2024-02-12/monthly"
"2/19/2024";"75.9 °F";"59.6 °F";"47.8 °F";"59.0 °F";"53.7 °F";"46.5 °F";"96 °%";"83 °%";"38 °%";"0.0 °mph";"0.0 °mph";"0.0 °mph";"30.05 °in";"29.94 °in";"0.00 °in";"https://www.wunderground.com/dashboard/pws/ICUENC39/table/2024-02-12/2024-02-12/monthly"
"2/20/2024";"69.2 °F";"57.6 °F";"52.3 °F";"58.8 °F";"53.8 °F";"50.5 °F";"95 °%";"88 °%";"56 °%";"0.0 °mph";"0.0 °mph";"0.0 °mph";"30.07 °in";"29.96 °in";"0.00 °in";"https://www.wunderground.com/dashboard/pws/ICUENC39/table/2024-02-12/2024-02-12/monthly"
"2/21/2024";"69.0 °F";"56.6 °F";"48.9 °F";"57.2 °F";"51.8 °F";"45.1 °F";"96 °%";"85 °%";"47 °%";"12.0 °mph";"1.6 °mph";"0.0 °mph";"30.06 °in";"29.94 °in";"0.01 °in";"https://www.wunderground.com/dashboard/pws/ICUENC39/table/2024-02-12/2024-02-12/monthly"
"2/22/2024";"69.8 °F";"56.1 °F";"45.6 °F";"56.8 °F";"50.3 °F";"43.8 °F";"95 °%";"82 °%";"55 °%";"12.0 °mph";"1.7 °mph";"0.0 °mph";"30.02 °in";"29.88 °in";"0.00 °in";"https://www.wunderground.com/dashboard/pws/ICUENC39/table/2024-02-12/2024-02-12/monthly"
"2/23/2024";"73.4 °F";"55.4 °F";"41.9 °F";"56.8 °F";"48.3 °F";"40.6 °F";"95 °%";"80 °%";"37 °%";"11.8 °mph";"1.3 °mph";"0.0 °mph";"30.02 °in";"29.89 °in";"0.00 °in";"https://www.wunderground.com/dashboard/pws/ICUENC39/table/2024-02-12/2024-02-12/monthly"
"2/24/2024";"78.2 °F";"56.0 °F";"41.7 °F";"56.8 °F";"47.8 °F";"35.6 °F";"96 °%";"78 °%";"24 °%";"11.8 °mph";"1.4 °mph";"0.0 °mph";"30.04 °in";"29.92 °in";"0.00 °in";"https://www.wunderground.com/dashboard/pws/ICUENC39/table/2024-02-12/2024-02-12/monthly"
"2/25/2024";"79.7 °F";"57.7 °F";"43.5 °F";"57.2 °F";"49.6 °F";"41.5 °F";"94 °%";"77 °%";"34 °%";"11.8 °mph";"1.3 °mph";"0.0 °mph";"30.05 °in";"29.93 °in";"0.00 °in";"https://www.wunderground.com/dashboard/pws/ICUENC39/table/2024-02-12/2024-02-12/monthly"
"2/26/2024";"75.0 °F";"57.9 °F";"51.2 °F";"57.7 °F";"52.7 °F";"48.7 °F";"94 °%";"84 °%";"42 °%";"7.8 °mph";"0.9 °mph";"0.0 °mph";"30.04 °in";"29.93 °in";"0.00 °in";"https://www.wunderground.com/dashboard/pws/ICUENC39/table/2024-02-12/2024-02-12/monthly"
"2/27/2024";"71.7 °F";"59.7 °F";"52.1 °F";"57.7 °F";"53.0 °F";"48.2 °F";"95 °%";"81 °%";"46 °%";"8.9 °mph";"0.9 °mph";"0.0 °mph";"30.01 °in";"29.88 °in";"0.00 °in";"https://www.wunderground.com/dashboard/pws/ICUENC39/table/2024-02-12/2024-02-12/monthly"
"2/28/2024";"71.7 °F";"58.4 °F";"44.9 °F";"56.1 °F";"51.3 °F";"43.7 °F";"96 °%";"79 °%";"46 °%";"6.4 °mph";"0.5 °mph";"0.0 °mph";"30.02 °in";"29.89 °in";"0.00 °in";"https://www.wunderground.com/dashboard/pws/ICUENC39/table/2024-02-12/2024-02-12/monthly"
"2/29/2024";"75.9 °F";"58.7 °F";"47.4 °F";"56.6 °F";"52.3 °F";"46.2 °F";"96 °%";"82 °%";"44 °%";"7.6 °mph";"1.0 °mph";"0.0 °mph";"30.02 °in";"29.90 °in";"0.00 °in";"https://www.wunderground.com/dashboard/pws/ICUENC39/table/2024-02-12/2024-02-12/monthly"
"Date";"High";"Avg";"Low";"High";"Avg";"Low";"High";"Avg";"Low";"High";"Avg";"Low";"High";"Low";"Sum";"https://www.wunderground.com/dashboard/pws/ICUENC39/table/2024-03-12/2024-03-12/monthly"
"3/1/2024";"73.0 °F";"58.2 °F";"52.5 °F";"60.8 °F";"53.9 °F";"51.4 °F";"96 °%";"87 °%";"49 °%";"6.9 °mph";"0.9 °mph";"0.0 °mph";"30.04 °in";"29.94 °in";"0.00 °in";"https://www.wunderground.com/dashboard/pws/ICUENC39/table/2024-03-12/2024-03-12/monthly"
"3/2/2024";"75.0 °F";"57.2 °F";"51.6 °F";"59.3 °F";"52.0 °F";"48.9 °F";"95 °%";"84 °%";"44 °%";"10.2 °mph";"0.9 °mph";"0.0 °mph";"30.04 °in";"29.95 °in";"0.00 °in";"https://www.wunderground.com/dashboard/pws/ICUENC39/table/2024-03-12/2024-03-12/monthly"
"3/3/2024";"70.7 °F";"56.7 °F";"46.7 °F";"57.0 °F";"51.8 °F";"45.5 °F";"96 °%";"85 °%";"51 °%";"9.3 °mph";"0.9 °mph";"0.0 °mph";"30.04 °in";"29.91 °in";"0.00 °in";"https://www.wunderground.com/dashboard/pws/ICUENC39/table/2024-03-12/2024-03-12/monthly"
"3/4/2024";"73.5 °F";"57.8 °F";"48.9 °F";"59.7 °F";"53.7 °F";"47.1 °F";"95 °%";"87 °%";"46 °%";"6.7 °mph";"0.7 °mph";"0.0 °mph";"30.02 °in";"29.89 °in";"0.00 °in";"https://www.wunderground.com/dashboard/pws/ICUENC39/table/2024-03-12/2024-03-12/monthly"
"3/5/2024";"78.6 °F";"60.8 °F";"53.9 °F";"58.1 °F";"54.1 °F";"48.9 °F";"96 °%";"81 °%";"40 °%";"7.1 °mph";"0.9 °mph";"0.0 °mph";"30.00 °in";"29.86 °in";"0.00 °in";"https://www.wunderground.com/dashboard/pws/ICUENC39/table/2024-03-12/2024-03-12/monthly"
"3/6/2024";"72.1 °F";"60.1 °F";"53.2 °F";"60.6 °F";"53.9 °F";"50.1 °F";"96 °%";"81 °%";"53 °%";"5.1 °mph";"0.6 °mph";"0.0 °mph";"30.00 °in";"29.88 °in";"0.00 °in";"https://www.wunderground.com/dashboard/pws/ICUENC39/table/2024-03-12/2024-03-12/monthly"
"3/7/2024";"71.2 °F";"60.2 °F";"55.0 °F";"58.8 °F";"53.4 °F";"49.8 °F";"92 °%";"79 °%";"50 °%";"7.1 °mph";"0.4 °mph";"0.0 °mph";"30.03 °in";"29.91 °in";"0.00 °in";"https://www.wunderground.com/dashboard/pws/ICUENC39/table/2024-03-12/2024-03-12/monthly"
"3/8/2024";"74.8 °F";"58.7 °F";"46.5 °F";"59.3 °F";"52.8 °F";"45.3 °F";"95 °%";"82 °%";"47 °%";"0.0 °mph";"0.0 °mph";"0.0 °mph";"30.04 °in";"29.92 °in";"0.00 °in";"https://www.wunderground.com/dashboard/pws/ICUENC39/table/2024-03-12/2024-03-12/monthly"
"3/9/2024";"72.3 °F";"57.8 °F";"45.5 °F";"56.1 °F";"50.9 °F";"44.4 °F";"96 °%";"80 °%";"48 °%";"0.0 °mph";"0.0 °mph";"0.0 °mph";"30.05 °in";"29.92 °in";"0.00 °in";"https://www.wunderground.com/dashboard/pws/ICUENC39/table/2024-03-12/2024-03-12/monthly"
"3/10/2024";"74.8 °F";"60.0 °F";"49.8 °F";"55.2 °F";"52.0 °F";"48.0 °F";"95 °%";"77 °%";"43 °%";"7.1 °mph";"0.8 °mph";"0.0 °mph";"30.04 °in";"29.92 °in";"0.00 °in";"https://www.wunderground.com/dashboard/pws/ICUENC39/table/2024-03-12/2024-03-12/monthly"
"3/11/2024";"72.1 °F";"59.9 °F";"48.9 °F";"53.9 °F";"51.4 °F";"47.1 °F";"95 °%";"75 °%";"47 °%";"6.4 °mph";"0.7 °mph";"0.0 °mph";"30.04 °in";"29.93 °in";"0.00 °in";"https://www.wunderground.com/dashboard/pws/ICUENC39/table/2024-03-12/2024-03-12/monthly"
"3/12/2024";"72.5 °F";"61.1 °F";"54.8 °F";"55.5 °F";"52.4 °F";"50.5 °F";"88 °%";"74 °%";"47 °%";"0.0 °mph";"0.0 °mph";"0.0 °mph";"30.05 °in";"29.94 °in";"0.00 °in";"https://www.wunderground.com/dashboard/pws/ICUENC39/table/2024-03-12/2024-03-12/monthly"
"3/13/2024";"75.2 °F";"60.8 °F";"54.3 °F";"61.7 °F";"53.6 °F";"51.4 °F";"92 °%";"79 °%";"47 °%";"0.0 °mph";"0.0 °mph";"0.0 °mph";"30.03 °in";"29.90 °in";"0.00 °in";"https://www.wunderground.com/dashboard/pws/ICUENC39/table/2024-03-12/2024-03-12/monthly"
"3/14/2024";"67.2 °F";"58.5 °F";"51.8 °F";"57.2 °F";"52.8 °F";"48.2 °F";"93 °%";"82 °%";"65 °%";"0.0 °mph";"0.0 °mph";"0.0 °mph";"30.02 °in";"29.92 °in";"0.00 °in";"https://www.wunderground.com/dashboard/pws/ICUENC39/table/2024-03-12/2024-03-12/monthly"
"3/15/2024";"68.0 °F";"58.2 °F";"50.1 °F";"53.7 °F";"50.4 °F";"47.4 °F";"93 °%";"77 °%";"52 °%";"0.0 °mph";"0.0 °mph";"0.0 °mph";"30.00 °in";"29.90 °in";"0.00 °in";"https://www.wunderground.com/dashboard/pws/ICUENC39/table/2024-03-12/2024-03-12/monthly"
"3/16/2024";"72.6 °F";"59.4 °F";"47.1 °F";"53.2 °F";"49.7 °F";"44.9 °F";"95 °%";"73 °%";"45 °%";"0.0 °mph";"0.0 °mph";"0.0 °mph";"30.01 °in";"29.89 °in";"0.00 °in";"https://www.wunderground.com/dashboard/pws/ICUENC39/table/2024-03-12/2024-03-12/monthly"
"3/17/2024";"78.0 °F";"58.4 °F";"39.2 °F";"53.6 °F";"46.8 °F";"37.9 °F";"96 °%";"70 °%";"34 °%";"10.5 °mph";"0.7 °mph";"0.0 °mph";"30.00 °in";"29.88 °in";"0.00 °in";"https://www.wunderground.com/dashboard/pws/ICUENC39/table/2024-03-12/2024-03-12/monthly"
"3/18/2024";"75.2 °F";"60.6 °F";"48.2 °F";"54.3 °F";"51.3 °F";"46.2 °F";"93 °%";"74 °%";"39 °%";"9.3 °mph";"0.8 °mph";"0.0 °mph";"30.03 °in";"29.90 °in";"0.00 °in";"https://www.wunderground.com/dashboard/pws/ICUENC39/table/2024-03-12/2024-03-12/monthly"
"3/19/2024";"70.5 °F";"55.5 °F";"45.6 °F";"54.8 °F";"49.3 °F";"44.0 °F";"95 °%";"82 °%";"51 °%";"6.4 °mph";"0.4 °mph";"0.0 °mph";"30.06 °in";"29.93 °in";"0.00 °in";"https://www.wunderground.com/dashboard/pws/ICUENC39/table/2024-03-12/2024-03-12/monthly"
"3/20/2024";"78.8 °F";"60.0 °F";"48.2 °F";"59.9 °F";"51.5 °F";"41.3 °F";"95 °%";"78 °%";"30 °%";"9.6 °mph";"1.1 °mph";"0.0 °mph";"30.04 °in";"29.91 °in";"0.00 °in";"https://www.wunderground.com/dashboard/pws/ICUENC39/table/2024-03-12/2024-03-12/monthly"
"3/21/2024";"78.6 °F";"60.4 °F";"52.1 °F";"59.5 °F";"54.6 °F";"49.6 °F";"95 °%";"83 °%";"38 °%";"10.7 °mph";"1.3 °mph";"0.0 °mph";"30.02 °in";"29.90 °in";"0.00 °in";"https://www.wunderground.com/dashboard/pws/ICUENC39/table/2024-03-12/2024-03-12/monthly"
"3/22/2024";"68.7 °F";"57.2 °F";"51.6 °F";"59.0 °F";"53.5 °F";"50.5 °F";"96 °%";"88 °%";"54 °%";"8.2 °mph";"0.8 °mph";"0.0 °mph";"30.03 °in";"29.96 °in";"0.00 °in";"https://www.wunderground.com/dashboard/pws/ICUENC39/table/2024-03-12/2024-03-12/monthly"
"3/23/2024";"74.3 °F";"57.2 °F";"48.2 °F";"60.0 °F";"52.5 °F";"47.1 °F";"96 °%";"86 °%";"50 °%";"8.5 °mph";"0.8 °mph";"0.0 °mph";"30.04 °in";"29.93 °in";"0.00 °in";"https://www.wunderground.com/dashboard/pws/ICUENC39/table/2024-03-12/2024-03-12/monthly"
"3/24/2024";"77.7 °F";"58.2 °F";"47.8 °F";"59.0 °F";"52.5 °F";"46.0 °F";"96 °%";"84 °%";"39 °%";"14.5 °mph";"1.4 °mph";"0.0 °mph";"30.02 °in";"29.90 °in";"0.00 °in";"https://www.wunderground.com/dashboard/pws/ICUENC39/table/2024-03-12/2024-03-12/monthly"
"3/25/2024";"77.0 °F";"57.0 °F";"44.0 °F";"58.8 °F";"49.7 °F";"42.8 °F";"96 °%";"80 °%";"35 °%";"13.1 °mph";"1.7 °mph";"0.0 °mph";"30.02 °in";"29.90 °in";"0.00 °in";"https://www.wunderground.com/dashboard/pws/ICUENC39/table/2024-03-12/2024-03-12/monthly"
"3/26/2024";"73.0 °F";"57.2 °F";"46.2 °F";"55.9 °F";"49.8 °F";"43.7 °F";"94 °%";"78 °%";"39 °%";"12.0 °mph";"1.6 °mph";"0.0 °mph";"30.04 °in";"29.90 °in";"0.00 °in";"https://www.wunderground.com/dashboard/pws/ICUENC39/table/2024-03-12/2024-03-12/monthly"
"3/27/2024";"73.7 °F";"54.1 °F";"39.2 °F";"55.0 °F";"44.7 °F";"36.5 °F";"96 °%";"76 °%";"28 °%";"12.7 °mph";"1.6 °mph";"0.0 °mph";"30.06 °in";"29.94 °in";"0.00 °in";"https://www.wunderground.com/dashboard/pws/ICUENC39/table/2024-03-12/2024-03-12/monthly"
"3/28/2024";"81.5 °F";"52.4 °F";"32.1 °F";"53.2 °F";"42.0 °F";"30.9 °F";"96 °%";"75 °%";"20 °%";"10.9 °mph";"0.9 °mph";"0.0 °mph";"30.07 °in";"29.91 °in";"0.00 °in";"https://www.wunderground.com/dashboard/pws/ICUENC39/table/2024-03-12/2024-03-12/monthly"
"3/29/2024";"69.6 °F";"52.2 °F";"39.5 °F";"53.9 °F";"47.0 °F";"38.3 °F";"96 °%";"84 °%";"52 °%";"8.5 °mph";"0.5 °mph";"0.0 °mph";"30.06 °in";"29.95 °in";"0.00 °in";"https://www.wunderground.com/dashboard/pws/ICUENC39/table/2024-03-12/2024-03-12/monthly"
"3/30/2024";"68.9 °F";"53.8 °F";"41.9 °F";"54.1 °F";"48.3 °F";"40.8 °F";"96 °%";"83 °%";"53 °%";"6.0 °mph";"0.4 °mph";"0.0 °mph";"30.05 °in";"29.93 °in";"0.00 °in";"https://www.wunderground.com/dashboard/pws/ICUENC39/table/2024-03-12/2024-03-12/monthly"
"3/31/2024";"75.2 °F";"56.4 °F";"42.6 °F";"57.3 °F";"49.6 °F";"41.3 °F";"95 °%";"81 °%";"41 °%";"9.3 °mph";"1.1 °mph";"0.0 °mph";"30.03 °in";"29.91 °in";"0.00 °in";"https://www.wunderground.com/dashboard/pws/ICUENC39/table/2024-03-12/2024-03-12/monthly"
"Date";"High";"Avg";"Low";"High";"Avg";"Low";"High";"Avg";"Low";"High";"Avg";"Low";"High";"Low";"Sum";"https://www.wunderground.com/dashboard/pws/ICUENC39/table/2024-01-12/2024-01-12/monthly"
"1/1/2024";"73.5 °F";"58.9 °F";"53.9 °F";"59.9 °F";"54.5 °F";"51.6 °F";"96 °%";"86 °%";"50 °%";"8.9 °mph";"0.9 °mph";"0.0 °mph";"30.03 °in";"29.92 °in";"0.00 °in";"https://www.wunderground.com/dashboard/pws/ICUENC39/table/2024-01-12/2024-01-12/monthly"
"1/2/2024";"73.9 °F";"58.5 °F";"53.4 °F";"60.4 °F";"54.4 °F";"52.1 °F";"96 °%";"87 °%";"51 °%";"12.9 °mph";"1.7 °mph";"0.0 °mph";"30.02 °in";"29.91 °in";"0.00 °in";"https://www.wunderground.com/dashboard/pws/ICUENC39/table/2024-01-12/2024-01-12/monthly"
"1/3/2024";"75.9 °F";"59.5 °F";"54.6 °F";"58.2 °F";"53.8 °F";"49.4 °F";"94 °%";"84 °%";"41 °%";"10.5 °mph";"1.4 °mph";"0.0 °mph";"30.02 °in";"29.90 °in";"0.00 °in";"https://www.wunderground.com/dashboard/pws/ICUENC39/table/2024-01-12/2024-01-12/monthly"
"1/4/2024";"72.8 °F";"57.3 °F";"51.2 °F";"59.3 °F";"52.5 °F";"49.1 °F";"94 °%";"85 °%";"49 °%";"9.6 °mph";"1.5 °mph";"0.0 °mph";"30.04 °in";"29.94 °in";"0.00 °in";"https://www.wunderground.com/dashboard/pws/ICUENC39/table/2024-01-12/2024-01-12/monthly"
"1/5/2024";"73.0 °F";"58.0 °F";"48.3 °F";"58.2 °F";"52.6 °F";"47.1 °F";"96 °%";"84 °%";"50 °%";"9.1 °mph";"1.1 °mph";"0.0 °mph";"30.03 °in";"29.90 °in";"0.00 °in";"https://www.wunderground.com/dashboard/pws/ICUENC39/table/2024-01-12/2024-01-12/monthly"
"1/6/2024";"76.6 °F";"58.7 °F";"51.8 °F";"58.1 °F";"53.4 °F";"50.1 °F";"96 °%";"84 °%";"44 °%";"7.6 °mph";"0.7 °mph";"0.0 °mph";"30.00 °in";"29.86 °in";"0.00 °in";"https://www.wunderground.com/dashboard/pws/ICUENC39/table/2024-01-12/2024-01-12/monthly"
"1/7/2024";"69.6 °F";"57.7 °F";"47.8 °F";"53.9 °F";"49.9 °F";"45.8 °F";"96 °%";"78 °%";"45 °%";"8.2 °mph";"0.8 °mph";"0.0 °mph";"29.99 °in";"29.89 °in";"0.00 °in";"https://www.wunderground.com/dashboard/pws/ICUENC39/table/2024-01-12/2024-01-12/monthly"
"1/8/2024";"77.7 °F";"60.4 °F";"53.0 °F";"58.6 °F";"52.6 °F";"47.1 °F";"93 °%";"78 °%";"37 °%";"9.3 °mph";"1.1 °mph";"0.0 °mph";"30.00 °in";"29.86 °in";"0.00 °in";"https://www.wunderground.com/dashboard/pws/ICUENC39/table/2024-01-12/2024-01-12/monthly"
"1/9/2024";"70.3 °F";"58.1 °F";"54.6 °F";"59.3 °F";"54.5 °F";"52.7 °F";"96 °%";"88 °%";"63 °%";"7.8 °mph";"0.5 °mph";"0.0 °mph";"30.00 °in";"29.89 °in";"0.00 °in";"https://www.wunderground.com/dashboard/pws/ICUENC39/table/2024-01-12/2024-01-12/monthly"
"1/10/2024";"76.6 °F";"60.6 °F";"54.3 °F";"61.3 °F";"54.3 °F";"47.8 °F";"96 °%";"82 °%";"39 °%";"10.0 °mph";"1.3 °mph";"0.0 °mph";"30.01 °in";"29.89 °in";"0.00 °in";"https://www.wunderground.com/dashboard/pws/ICUENC39/table/2024-01-12/2024-01-12/monthly"
"1/11/2024";"71.7 °F";"57.2 °F";"50.3 °F";"57.7 °F";"51.9 °F";"47.8 °F";"96 °%";"84 °%";"46 °%";"8.9 °mph";"1.1 °mph";"0.0 °mph";"30.02 °in";"29.92 °in";"0.00 °in";"https://www.wunderground.com/dashboard/pws/ICUENC39/table/2024-01-12/2024-01-12/monthly"
"1/12/2024";"75.9 °F";"58.5 °F";"51.8 °F";"56.8 °F";"52.5 °F";"47.1 °F";"96 °%";"83 °%";"38 °%";"9.6 °mph";"1.0 °mph";"0.0 °mph";"30.02 °in";"29.90 °in";"0.00 °in";"https://www.wunderground.com/dashboard/pws/ICUENC39/table/2024-01-12/2024-01-12/monthly"
"1/13/2024";"78.6 °F";"59.7 °F";"52.8 °F";"59.7 °F";"53.4 °F";"47.3 °F";"96 °%";"82 °%";"37 °%";"8.9 °mph";"1.3 °mph";"0.0 °mph";"30.03 °in";"29.89 °in";"0.00 °in";"https://www.wunderground.com/dashboard/pws/ICUENC39/table/2024-01-12/2024-01-12/monthly"
"1/14/2024";"73.5 °F";"57.8 °F";"47.3 °F";"59.1 °F";"53.0 °F";"46.4 °F";"97 °%";"86 °%";"49 °%";"7.8 °mph";"0.8 °mph";"0.0 °mph";"30.04 °in";"29.88 °in";"0.00 °in";"https://www.wunderground.com/dashboard/pws/ICUENC39/table/2024-01-12/2024-01-12/monthly"
"1/15/2024";"69.4 °F";"58.8 °F";"53.2 °F";"58.4 °F";"53.5 °F";"50.5 °F";"96 °%";"83 °%";"57 °%";"7.3 °mph";"0.7 °mph";"0.0 °mph";"30.00 °in";"29.88 °in";"0.00 °in";"https://www.wunderground.com/dashboard/pws/ICUENC39/table/2024-01-12/2024-01-12/monthly"
"1/16/2024";"65.3 °F";"57.5 °F";"53.4 °F";"55.5 °F";"53.2 °F";"51.4 °F";"95 °%";"86 °%";"65 °%";"6.9 °mph";"0.7 °mph";"0.0 °mph";"30.00 °in";"29.90 °in";"0.00 °in";"https://www.wunderground.com/dashboard/pws/ICUENC39/table/2024-01-12/2024-01-12/monthly"
"1/17/2024";"68.9 °F";"58.6 °F";"53.7 °F";"57.2 °F";"53.6 °F";"52.3 °F";"95 °%";"84 °%";"60 °%";"7.6 °mph";"0.9 °mph";"0.0 °mph";"30.01 °in";"29.92 °in";"0.00 °in";"https://www.wunderground.com/dashboard/pws/ICUENC39/table/2024-01-12/2024-01-12/monthly"
"1/18/2024";"67.2 °F";"57.7 °F";"50.5 °F";"55.7 °F";"52.8 °F";"48.3 °F";"95 °%";"85 °%";"61 °%";"7.1 °mph";"0.7 °mph";"0.0 °mph";"30.02 °in";"29.93 °in";"0.00 °in";"https://www.wunderground.com/dashboard/pws/ICUENC39/table/2024-01-12/2024-01-12/monthly"
"1/19/2024";"68.3 °F";"57.8 °F";"47.3 °F";"56.3 °F";"51.1 °F";"45.6 °F";"95 °%";"80 °%";"49 °%";"7.8 °mph";"0.9 °mph";"0.0 °mph";"30.02 °in";"29.91 °in";"0.00 °in";"https://www.wunderground.com/dashboard/pws/ICUENC39/table/2024-01-12/2024-01-12/monthly"
"1/20/2024";"68.0 °F";"58.1 °F";"49.4 °F";"58.8 °F";"51.8 °F";"47.3 °F";"95 °%";"81 °%";"59 °%";"7.8 °mph";"1.0 °mph";"0.0 °mph";"30.00 °in";"29.90 °in";"0.00 °in";"https://www.wunderground.com/dashboard/pws/ICUENC39/table/2024-01-12/2024-01-12/monthly"
"1/21/2024";"68.5 °F";"58.9 °F";"52.5 °F";"57.0 °F";"52.7 °F";"50.1 °F";"93 °%";"81 °%";"56 °%";"7.8 °mph";"0.9 °mph";"0.0 °mph";"30.03 °in";"29.93 °in";"0.00 °in";"https://www.wunderground.com/dashboard/pws/ICUENC39/table/2024-01-12/2024-01-12/monthly"
"1/22/2024";"69.6 °F";"59.3 °F";"49.8 °F";"54.6 °F";"51.1 °F";"47.4 °F";"94 °%";"76 °%";"51 °%";"8.0 °mph";"1.0 °mph";"0.0 °mph";"30.04 °in";"29.94 °in";"0.00 °in";"https://www.wunderground.com/dashboard/pws/ICUENC39/table/2024-01-12/2024-01-12/monthly"
"1/23/2024";"76.6 °F";"61.7 °F";"50.7 °F";"55.9 °F";"51.9 °F";"48.0 °F";"92 °%";"72 °%";"40 °%";"7.1 °mph";"1.0 °mph";"0.0 °mph";"30.04 °in";"29.93 °in";"0.00 °in";"https://www.wunderground.com/dashboard/pws/ICUENC39/table/2024-01-12/2024-01-12/monthly"
"1/24/2024";"77.7 °F";"62.2 °F";"46.4 °F";"54.6 °F";"49.2 °F";"37.0 °F";"94 °%";"68 °%";"26 °%";"7.3 °mph";"0.9 °mph";"0.0 °mph";"30.02 °in";"29.93 °in";"0.00 °in";"https://www.wunderground.com/dashboard/pws/ICUENC39/table/2024-01-12/2024-01-12/monthly"
"1/25/2024";"80.0 °F";"56.6 °F";"38.1 °F";"59.0 °F";"47.2 °F";"37.0 °F";"96 °%";"76 °%";"28 °%";"8.0 °mph";"0.8 °mph";"0.0 °mph";"30.03 °in";"29.90 °in";"0.00 °in";"https://www.wunderground.com/dashboard/pws/ICUENC39/table/2024-01-12/2024-01-12/monthly"
"1/26/2024";"79.3 °F";"57.9 °F";"40.2 °F";"57.7 °F";"48.7 °F";"39.0 °F";"96 °%";"77 °%";"31 °%";"6.7 °mph";"0.5 °mph";"0.0 °mph";"30.04 °in";"29.90 °in";"0.00 °in";"https://www.wunderground.com/dashboard/pws/ICUENC39/table/2024-01-12/2024-01-12/monthly"
"1/27/2024";"81.6 °F";"58.8 °F";"44.9 °F";"59.5 °F";"50.8 °F";"43.3 °F";"95 °%";"79 °%";"31 °%";"9.3 °mph";"0.9 °mph";"0.0 °mph";"30.05 °in";"29.91 °in";"0.00 °in";"https://www.wunderground.com/dashboard/pws/ICUENC39/table/2024-01-12/2024-01-12/monthly"
"1/28/2024";"79.3 °F";"60.7 °F";"47.8 °F";"60.6 °F";"52.2 °F";"46.2 °F";"95 °%";"77 °%";"32 °%";"10.7 °mph";"1.0 °mph";"0.0 °mph";"30.05 °in";"29.91 °in";"0.00 °in";"https://www.wunderground.com/dashboard/pws/ICUENC39/table/2024-01-12/2024-01-12/monthly"
"1/29/2024";"77.3 °F";"60.9 °F";"51.9 °F";"58.1 °F";"53.3 °F";"48.7 °F";"95 °%";"79 °%";"42 °%";"6.4 °mph";"0.8 °mph";"0.0 °mph";"30.04 °in";"29.92 °in";"0.00 °in";"https://www.wunderground.com/dashboard/pws/ICUENC39/table/2024-01-12/2024-01-12/monthly"
"1/30/2024";"80.6 °F";"60.8 °F";"47.6 °F";"60.9 °F";"51.8 °F";"42.0 °F";"96 °%";"77 °%";"26 °%";"8.0 °mph";"1.1 °mph";"0.0 °mph";"30.04 °in";"29.90 °in";"0.00 °in";"https://www.wunderground.com/dashboard/pws/ICUENC39/table/2024-01-12/2024-01-12/monthly"
"1/31/2024";"77.3 °F";"60.1 °F";"53.6 °F";"58.2 °F";"54.1 °F";"49.6 °F";"95 °%";"82 °%";"40 °%";"11.4 °mph";"0.8 °mph";"0.0 °mph";"30.03 °in";"29.91 °in";"0.00 °in";"https://www.wunderground.com/dashboard/pws/ICUENC39/table/2024-01-12/2024-01-12/monthly"
"Date";"High";"Avg";"Low";"High";"Avg";"Low";"High";"Avg";"Low";"High";"Avg";"Low";"High";"Low";"Sum";"https://www.wunderground.com/dashboard/pws/ICUENC39/table/2024-02-12/2024-02-12/monthly"
"2/1/2024";"73.0 °F";"60.9 °F";"52.1 °F";"56.8 °F";"53.3 °F";"50.3 °F";"94 °%";"78 °%";"49 °%";"7.3 °mph";"0.5 °mph";"0.0 °mph";"30.04 °in";"29.93 °in";"0.00 °in";"https://www.wunderground.com/dashboard/pws/ICUENC39/table/2024-02-12/2024-02-12/monthly"
"2/2/2024";"76.6 °F";"59.0 °F";"51.2 °F";"59.3 °F";"53.0 °F";"46.9 °F";"95 °%";"83 °%";"40 °%";"10.0 °mph";"1.1 °mph";"0.0 °mph";"30.04 °in";"29.91 °in";"0.00 °in";"https://www.wunderground.com/dashboard/pws/ICUENC39/table/2024-02-12/2024-02-12/monthly"
"2/3/2024";"76.2 °F";"59.6 °F";"52.7 °F";"60.0 °F";"53.9 °F";"50.5 °F";"96 °%";"83 °%";"46 °%";"8.2 °mph";"0.8 °mph";"0.0 °mph";"30.02 °in";"29.90 °in";"0.00 °in";"https://www.wunderground.com/dashboard/pws/ICUENC39/table/2024-02-12/2024-02-12/monthly"
"2/4/2024";"67.4 °F";"57.8 °F";"50.9 °F";"57.2 °F";"52.4 °F";"50.0 °F";"96 °%";"83 °%";"58 °%";"0.0 °mph";"0.0 °mph";"0.0 °mph";"30.00 °in";"29.89 °in";"0.00 °in";"https://www.wunderground.com/dashboard/pws/ICUENC39/table/2024-02-12/2024-02-12/monthly"
"2/5/2024";"69.6 °F";"56.5 °F";"48.2 °F";"56.8 °F";"52.1 °F";"46.9 °F";"96 °%";"86 °%";"54 °%";"8.7 °mph";"0.4 °mph";"0.0 °mph";"30.03 °in";"29.93 °in";"0.00 °in";"https://www.wunderground.com/dashboard/pws/ICUENC39/table/2024-02-12/2024-02-12/monthly"
"2/6/2024";"69.8 °F";"55.0 °F";"44.4 °F";"55.0 °F";"48.7 °F";"43.3 °F";"96 °%";"82 °%";"49 °%";"7.3 °mph";"0.3 °mph";"0.0 °mph";"30.07 °in";"29.92 °in";"0.00 °in";"https://www.wunderground.com/dashboard/pws/ICUENC39/table/2024-02-12/2024-02-12/monthly"
"2/7/2024";"75.7 °F";"58.6 °F";"49.1 °F";"59.9 °F";"53.3 °F";"48.0 °F";"96 °%";"84 °%";"42 °%";"5.5 °mph";"0.5 °mph";"0.0 °mph";"30.04 °in";"29.91 °in";"0.00 °in";"https://www.wunderground.com/dashboard/pws/ICUENC39/table/2024-02-12/2024-02-12/monthly"
"2/8/2024";"73.9 °F";"58.0 °F";"45.8 °F";"57.5 °F";"50.6 °F";"44.7 °F";"97 °%";"80 °%";"44 °%";"6.7 °mph";"0.8 °mph";"0.0 °mph";"30.03 °in";"29.89 °in";"0.00 °in";"https://www.wunderground.com/dashboard/pws/ICUENC39/table/2024-02-12/2024-02-12/monthly"
"2/9/2024";"74.1 °F";"57.6 °F";"48.5 °F";"56.6 °F";"51.4 °F";"47.4 °F";"96 °%";"82 °%";"46 °%";"6.0 °mph";"0.6 °mph";"0.0 °mph";"30.03 °in";"29.89 °in";"0.00 °in";"https://www.wunderground.com/dashboard/pws/ICUENC39/table/2024-02-12/2024-02-12/monthly"
"2/10/2024";"69.2 °F";"57.1 °F";"46.5 °F";"57.2 °F";"51.7 °F";"44.7 °F";"95 °%";"84 °%";"54 °%";"5.8 °mph";"0.6 °mph";"0.0 °mph";"30.03 °in";"29.91 °in";"0.00 °in";"https://www.wunderground.com/dashboard/pws/ICUENC39/table/2024-02-12/2024-02-12/monthly"
"2/11/2024";"77.7 °F";"58.7 °F";"45.3 °F";"57.7 °F";"50.7 °F";"44.0 °F";"96 °%";"78 °%";"38 °%";"7.8 °mph";"1.1 °mph";"0.0 °mph";"30.02 °in";"29.89 °in";"0.00 °in";"https://www.wunderground.com/dashboard/pws/ICUENC39/table/2024-02-12/2024-02-12/monthly"
"2/12/2024";"75.3 °F";"60.2 °F";"52.7 °F";"59.9 °F";"54.5 °F";"49.6 °F";"96 °%";"84 °%";"43 °%";"8.0 °mph";"0.6 °mph";"0.0 °mph";"30.01 °in";"29.89 °in";"0.00 °in";"https://www.wunderground.com/dashboard/pws/ICUENC39/table/2024-02-12/2024-02-12/monthly"
"2/13/2024";"71.4 °F";"59.9 °F";"53.2 °F";"57.3 °F";"53.5 °F";"51.0 °F";"96 °%";"81 °%";"52 °%";"6.7 °mph";"0.4 °mph";"0.0 °mph";"30.02 °in";"29.91 °in";"0.00 °in";"https://www.wunderground.com/dashboard/pws/ICUENC39/table/2024-02-12/2024-02-12/monthly"
"2/14/2024";"73.5 °F";"60.4 °F";"55.0 °F";"57.5 °F";"53.2 °F";"49.6 °F";"92 °%";"79 °%";"48 °%";"7.8 °mph";"0.9 °mph";"0.0 °mph";"30.03 °in";"29.94 °in";"0.00 °in";"https://www.wunderground.com/dashboard/pws/ICUENC39/table/2024-02-12/2024-02-12/monthly"
"2/15/2024";"69.9 °F";"58.9 °F";"51.8 °F";"57.9 °F";"52.2 °F";"48.9 °F";"92 °%";"79 °%";"56 °%";"7.1 °mph";"0.5 °mph";"0.0 °mph";"30.04 °in";"29.96 °in";"0.00 °in";"https://www.wunderground.com/dashboard/pws/ICUENC39/table/2024-02-12/2024-02-12/monthly"
"2/16/2024";"72.3 °F";"60.4 °F";"53.4 °F";"57.7 °F";"53.4 °F";"50.7 °F";"93 °%";"79 °%";"52 °%";"7.1 °mph";"0.5 °mph";"0.0 °mph";"30.03 °in";"29.91 °in";"0.00 °in";"https://www.wunderground.com/dashboard/pws/ICUENC39/table/2024-02-12/2024-02-12/monthly"
"2/17/2024";"75.2 °F";"60.7 °F";"53.9 °F";"60.0 °F";"53.7 °F";"50.5 °F";"93 °%";"79 °%";"45 °%";"8.0 °mph";"0.2 °mph";"0.0 °mph";"30.02 °in";"29.90 °in";"0.00 °in";"https://www.wunderground.com/dashboard/pws/ICUENC39/table/2024-02-12/2024-02-12/monthly"
"2/18/2024";"74.4 °F";"59.8 °F";"48.9 °F";"57.2 °F";"51.5 °F";"47.6 °F";"96 °%";"77 °%";"42 °%";"0.0 °mph";"0.0 °mph";"0.0 °mph";"30.03 °in";"29.92 °in";"0.00 °in";"https://www.wunderground.com/dashboard/pws/ICUENC39/table/2024-02-12/2024-02-12/monthly"
"2/19/2024";"75.9 °F";"59.6 °F";"47.8 °F";"59.0 °F";"53.7 °F";"46.5 °F";"96 °%";"83 °%";"38 °%";"0.0 °mph";"0.0 °mph";"0.0 °mph";"30.05 °in";"29.94 °in";"0.00 °in";"https://www.wunderground.com/dashboard/pws/ICUENC39/table/2024-02-12/2024-02-12/monthly"
"2/20/2024";"69.2 °F";"57.6 °F";"52.3 °F";"58.8 °F";"53.8 °F";"50.5 °F";"95 °%";"88 °%";"56 °%";"0.0 °mph";"0.0 °mph";"0.0 °mph";"30.07 °in";"29.96 °in";"0.00 °in";"https://www.wunderground.com/dashboard/pws/ICUENC39/table/2024-02-12/2024-02-12/monthly"
"2/21/2024";"69.0 °F";"56.6 °F";"48.9 °F";"57.2 °F";"51.8 °F";"45.1 °F";"96 °%";"85 °%";"47 °%";"12.0 °mph";"1.6 °mph";"0.0 °mph";"30.06 °in";"29.94 °in";"0.01 °in";"https://www.wunderground.com/dashboard/pws/ICUENC39/table/2024-02-12/2024-02-12/monthly"
"2/22/2024";"69.8 °F";"56.1 °F";"45.6 °F";"56.8 °F";"50.3 °F";"43.8 °F";"95 °%";"82 °%";"55 °%";"12.0 °mph";"1.7 °mph";"0.0 °mph";"30.02 °in";"29.88 °in";"0.00 °in";"https://www.wunderground.com/dashboard/pws/ICUENC39/table/2024-02-12/2024-02-12/monthly"
"2/23/2024";"73.4 °F";"55.4 °F";"41.9 °F";"56.8 °F";"48.3 °F";"40.6 °F";"95 °%";"80 °%";"37 °%";"11.8 °mph";"1.3 °mph";"0.0 °mph";"30.02 °in";"29.89 °in";"0.00 °in";"https://www.wunderground.com/dashboard/pws/ICUENC39/table/2024-02-12/2024-02-12/monthly"
"2/24/2024";"78.2 °F";"56.0 °F";"41.7 °F";"56.8 °F";"47.8 °F";"35.6 °F";"96 °%";"78 °%";"24 °%";"11.8 °mph";"1.4 °mph";"0.0 °mph";"30.04 °in";"29.92 °in";"0.00 °in";"https://www.wunderground.com/dashboard/pws/ICUENC39/table/2024-02-12/2024-02-12/monthly"
"2/25/2024";"79.7 °F";"57.7 °F";"43.5 °F";"57.2 °F";"49.6 °F";"41.5 °F";"94 °%";"77 °%";"34 °%";"11.8 °mph";"1.3 °mph";"0.0 °mph";"30.05 °in";"29.93 °in";"0.00 °in";"https://www.wunderground.com/dashboard/pws/ICUENC39/table/2024-02-12/2024-02-12/monthly"
"2/26/2024";"75.0 °F";"57.9 °F";"51.2 °F";"57.7 °F";"52.7 °F";"48.7 °F";"94 °%";"84 °%";"42 °%";"7.8 °mph";"0.9 °mph";"0.0 °mph";"30.04 °in";"29.93 °in";"0.00 °in";"https://www.wunderground.com/dashboard/pws/ICUENC39/table/2024-02-12/2024-02-12/monthly"
"2/27/2024";"71.7 °F";"59.7 °F";"52.1 °F";"57.7 °F";"53.0 °F";"48.2 °F";"95 °%";"81 °%";"46 °%";"8.9 °mph";"0.9 °mph";"0.0 °mph";"30.01 °in";"29.88 °in";"0.00 °in";"https://www.wunderground.com/dashboard/pws/ICUENC39/table/2024-02-12/2024-02-12/monthly"
"2/28/2024";"71.7 °F";"58.4 °F";"44.9 °F";"56.1 °F";"51.3 °F";"43.7 °F";"96 °%";"79 °%";"46 °%";"6.4 °mph";"0.5 °mph";"0.0 °mph";"30.02 °in";"29.89 °in";"0.00 °in";"https://www.wunderground.com/dashboard/pws/ICUENC39/table/2024-02-12/2024-02-12/monthly"
"2/29/2024";"75.9 °F";"58.7 °F";"47.4 °F";"56.6 °F";"52.3 °F";"46.2 °F";"96 °%";"82 °%";"44 °%";"7.6 °mph";"1.0 °mph";"0.0 °mph";"30.02 °in";"29.90 °in";"0.00 °in";"https://www.wunderground.com/dashboard/pws/ICUENC39/table/2024-02-12/2024-02-12/monthly"
"Date";"High";"Avg";"Low";"High";"Avg";"Low";"High";"Avg";"Low";"High";"Avg";"Low";"High";"Low";"Sum";"https://www.wunderground.com/dashboard/pws/ICUENC39/table/2024-03-12/2024-03-12/monthly"
"3/1/2024";"73.0 °F";"58.2 °F";"52.5 °F";"60.8 °F";"53.9 °F";"51.4 °F";"96 °%";"87 °%";"49 °%";"6.9 °mph";"0.9 °mph";"0.0 °mph";"30.04 °in";"29.94 °in";"0.00 °in";"https://www.wunderground.com/dashboard/pws/ICUENC39/table/2024-03-12/2024-03-12/monthly"
"3/2/2024";"75.0 °F";"57.2 °F";"51.6 °F";"59.3 °F";"52.0 °F";"48.9 °F";"95 °%";"84 °%";"44 °%";"10.2 °mph";"0.9 °mph";"0.0 °mph";"30.04 °in";"29.95 °in";"0.00 °in";"https://www.wunderground.com/dashboard/pws/ICUENC39/table/2024-03-12/2024-03-12/monthly"
"3/3/2024";"70.7 °F";"56.7 °F";"46.7 °F";"57.0 °F";"51.8 °F";"45.5 °F";"96 °%";"85 °%";"51 °%";"9.3 °mph";"0.9 °mph";"0.0 °mph";"30.04 °in";"29.91 °in";"0.00 °in";"https://www.wunderground.com/dashboard/pws/ICUENC39/table/2024-03-12/2024-03-12/monthly"
"3/4/2024";"73.5 °F";"57.8 °F";"48.9 °F";"59.7 °F";"53.7 °F";"47.1 °F";"95 °%";"87 °%";"46 °%";"6.7 °mph";"0.7 °mph";"0.0 °mph";"30.02 °in";"29.89 °in";"0.00 °in";"https://www.wunderground.com/dashboard/pws/ICUENC39/table/2024-03-12/2024-03-12/monthly"
"3/5/2024";"78.6 °F";"60.8 °F";"53.9 °F";"58.1 °F";"54.1 °F";"48.9 °F";"96 °%";"81 °%";"40 °%";"7.1 °mph";"0.9 °mph";"0.0 °mph";"30.00 °in";"29.86 °in";"0.00 °in";"https://www.wunderground.com/dashboard/pws/ICUENC39/table/2024-03-12/2024-03-12/monthly"
"3/6/2024";"72.1 °F";"60.1 °F";"53.2 °F";"60.6 °F";"53.9 °F";"50.1 °F";"96 °%";"81 °%";"53 °%";"5.1 °mph";"0.6 °mph";"0.0 °mph";"30.00 °in";"29.88 °in";"0.00 °in";"https://www.wunderground.com/dashboard/pws/ICUENC39/table/2024-03-12/2024-03-12/monthly"
"3/7/2024";"71.2 °F";"60.2 °F";"55.0 °F";"58.8 °F";"53.4 °F";"49.8 °F";"92 °%";"79 °%";"50 °%";"7.1 °mph";"0.4 °mph";"0.0 °mph";"30.03 °in";"29.91 °in";"0.00 °in";"https://www.wunderground.com/dashboard/pws/ICUENC39/table/2024-03-12/2024-03-12/monthly"
"3/8/2024";"74.8 °F";"58.7 °F";"46.5 °F";"59.3 °F";"52.8 °F";"45.3 °F";"95 °%";"82 °%";"47 °%";"0.0 °mph";"0.0 °mph";"0.0 °mph";"30.04 °in";"29.92 °in";"0.00 °in";"https://www.wunderground.com/dashboard/pws/ICUENC39/table/2024-03-12/2024-03-12/monthly"
"3/9/2024";"72.3 °F";"57.8 °F";"45.5 °F";"56.1 °F";"50.9 °F";"44.4 °F";"96 °%";"80 °%";"48 °%";"0.0 °mph";"0.0 °mph";"0.0 °mph";"30.05 °in";"29.92 °in";"0.00 °in";"https://www.wunderground.com/dashboard/pws/ICUENC39/table/2024-03-12/2024-03-12/monthly"
"3/10/2024";"74.8 °F";"60.0 °F";"49.8 °F";"55.2 °F";"52.0 °F";"48.0 °F";"95 °%";"77 °%";"43 °%";"7.1 °mph";"0.8 °mph";"0.0 °mph";"30.04 °in";"29.92 °in";"0.00 °in";"https://www.wunderground.com/dashboard/pws/ICUENC39/table/2024-03-12/2024-03-12/monthly"
"3/11/2024";"72.1 °F";"59.9 °F";"48.9 °F";"53.9 °F";"51.4 °F";"47.1 °F";"95 °%";"75 °%";"47 °%";"6.4 °mph";"0.7 °mph";"0.0 °mph";"30.04 °in";"29.93 °in";"0.00 °in";"https://www.wunderground.com/dashboard/pws/ICUENC39/table/2024-03-12/2024-03-12/monthly"
"3/12/2024";"72.5 °F";"61.1 °F";"54.8 °F";"55.5 °F";"52.4 °F";"50.5 °F";"88 °%";"74 °%";"47 °%";"0.0 °mph";"0.0 °mph";"0.0 °mph";"30.05 °in";"29.94 °in";"0.00 °in";"https://www.wunderground.com/dashboard/pws/ICUENC39/table/2024-03-12/2024-03-12/monthly"
"3/13/2024";"75.2 °F";"60.8 °F";"54.3 °F";"61.7 °F";"53.6 °F";"51.4 °F";"92 °%";"79 °%";"47 °%";"0.0 °mph";"0.0 °mph";"0.0 °mph";"30.03 °in";"29.90 °in";"0.00 °in";"https://www.wunderground.com/dashboard/pws/ICUENC39/table/2024-03-12/2024-03-12/monthly"
"3/14/2024";"67.2 °F";"58.5 °F";"51.8 °F";"57.2 °F";"52.8 °F";"48.2 °F";"93 °%";"82 °%";"65 °%";"0.0 °mph";"0.0 °mph";"0.0 °mph";"30.02 °in";"29.92 °in";"0.00 °in";"https://www.wunderground.com/dashboard/pws/ICUENC39/table/2024-03-12/2024-03-12/monthly"
"3/15/2024";"68.0 °F";"58.2 °F";"50.1 °F";"53.7 °F";"50.4 °F";"47.4 °F";"93 °%";"77 °%";"52 °%";"0.0 °mph";"0.0 °mph";"0.0 °mph";"30.00 °in";"29.90 °in";"0.00 °in";"https://www.wunderground.com/dashboard/pws/ICUENC39/table/2024-03-12/2024-03-12/monthly"
"3/16/2024";"72.6 °F";"59.4 °F";"47.1 °F";"53.2 °F";"49.7 °F";"44.9 °F";"95 °%";"73 °%";"45 °%";"0.0 °mph";"0.0 °mph";"0.0 °mph";"30.01 °in";"29.89 °in";"0.00 °in";"https://www.wunderground.com/dashboard/pws/ICUENC39/table/2024-03-12/2024-03-12/monthly"
"3/17/2024";"78.0 °F";"58.4 °F";"39.2 °F";"53.6 °F";"46.8 °F";"37.9 °F";"96 °%";"70 °%";"34 °%";"10.5 °mph";"0.7 °mph";"0.0 °mph";"30.00 °in";"29.88 °in";"0.00 °in";"https://www.wunderground.com/dashboard/pws/ICUENC39/table/2024-03-12/2024-03-12/monthly"
"3/18/2024";"75.2 °F";"60.6 °F";"48.2 °F";"54.3 °F";"51.3 °F";"46.2 °F";"93 °%";"74 °%";"39 °%";"9.3 °mph";"0.8 °mph";"0.0 °mph";"30.03 °in";"29.90 °in";"0.00 °in";"https://www.wunderground.com/dashboard/pws/ICUENC39/table/2024-03-12/2024-03-12/monthly"
"3/19/2024";"70.5 °F";"55.5 °F";"45.6 °F";"54.8 °F";"49.3 °F";"44.0 °F";"95 °%";"82 °%";"51 °%";"6.4 °mph";"0.4 °mph";"0.0 °mph";"30.06 °in";"29.93 °in";"0.00 °in";"https://www.wunderground.com/dashboard/pws/ICUENC39/table/2024-03-12/2024-03-12/monthly"
"3/20/2024";"78.8 °F";"60.0 °F";"48.2 °F";"59.9 °F";"51.5 °F";"41.3 °F";"95 °%";"78 °%";"30 °%";"9.6 °mph";"1.1 °mph";"0.0 °mph";"30.04 °in";"29.91 °in";"0.00 °in";"https://www.wunderground.com/dashboard/pws/ICUENC39/table/2024-03-12/2024-03-12/monthly"
"3/21/2024";"78.6 °F";"60.4 °F";"52.1 °F";"59.5 °F";"54.6 °F";"49.6 °F";"95 °%";"83 °%";"38 °%";"10.7 °mph";"1.3 °mph";"0.0 °mph";"30.02 °in";"29.90 °in";"0.00 °in";"https://www.wunderground.com/dashboard/pws/ICUENC39/table/2024-03-12/2024-03-12/monthly"
"3/22/2024";"68.7 °F";"57.2 °F";"51.6 °F";"59.0 °F";"53.5 °F";"50.5 °F";"96 °%";"88 °%";"54 °%";"8.2 °mph";"0.8 °mph";"0.0 °mph";"30.03 °in";"29.96 °in";"0.00 °in";"https://www.wunderground.com/dashboard/pws/ICUENC39/table/2024-03-12/2024-03-12/monthly"
"3/23/2024";"74.3 °F";"57.2 °F";"48.2 °F";"60.0 °F";"52.5 °F";"47.1 °F";"96 °%";"86 °%";"50 °%";"8.5 °mph";"0.8 °mph";"0.0 °mph";"30.04 °in";"29.93 °in";"0.00 °in";"https://www.wunderground.com/dashboard/pws/ICUENC39/table/2024-03-12/2024-03-12/monthly"
"3/24/2024";"77.7 °F";"58.2 °F";"47.8 °F";"59.0 °F";"52.5 °F";"46.0 °F";"96 °%";"84 °%";"39 °%";"14.5 °mph";"1.4 °mph";"0.0 °mph";"30.02 °in";"29.90 °in";"0.00 °in";"https://www.wunderground.com/dashboard/pws/ICUENC39/table/2024-03-12/2024-03-12/monthly"
"3/25/2024";"77.0 °F";"57.0 °F";"44.0 °F";"58.8 °F";"49.7 °F";"42.8 °F";"96 °%";"80 °%";"35 °%";"13.1 °mph";"1.7 °mph";"0.0 °mph";"30.02 °in";"29.90 °in";"0.00 °in";"https://www.wunderground.com/dashboard/pws/ICUENC39/table/2024-03-12/2024-03-12/monthly"
"3/26/2024";"73.0 °F";"57.2 °F";"46.2 °F";"55.9 °F";"49.8 °F";"43.7 °F";"94 °%";"78 °%";"39 °%";"12.0 °mph";"1.6 °mph";"0.0 °mph";"30.04 °in";"29.90 °in";"0.00 °in";"https://www.wunderground.com/dashboard/pws/ICUENC39/table/2024-03-12/2024-03-12/monthly"
"3/27/2024";"73.7 °F";"54.1 °F";"39.2 °F";"55.0 °F";"44.7 °F";"36.5 °F";"96 °%";"76 °%";"28 °%";"12.7 °mph";"1.6 °mph";"0.0 °mph";"30.06 °in";"29.94 °in";"0.00 °in";"https://www.wunderground.com/dashboard/pws/ICUENC39/table/2024-03-12/2024-03-12/monthly"
"3/28/2024";"81.5 °F";"52.4 °F";"32.1 °F";"53.2 °F";"42.0 °F";"30.9 °F";"96 °%";"75 °%";"20 °%";"10.9 °mph";"0.9 °mph";"0.0 °mph";"30.07 °in";"29.91 °in";"0.00 °in";"https://www.wunderground.com/dashboard/pws/ICUENC39/table/2024-03-12/2024-03-12/monthly"
"3/29/2024";"69.6 °F";"52.2 °F";"39.5 °F";"53.9 °F";"47.0 °F";"38.3 °F";"96 °%";"84 °%";"52 °%";"8.5 °mph";"0.5 °mph";"0.0 °mph";"30.06 °in";"29.95 °in";"0.00 °in";"https://www.wunderground.com/dashboard/pws/ICUENC39/table/2024-03-12/2024-03-12/monthly"
"3/30/2024";"68.9 °F";"53.8 °F";"41.9 °F";"54.1 °F";"48.3 °F";"40.8 °F";"96 °%";"83 °%";"53 °%";"6.0 °mph";"0.4 °mph";"0.0 °mph";"30.05 °in";"29.93 °in";"0.00 °in";"https://www.wunderground.com/dashboard/pws/ICUENC39/table/2024-03-12/2024-03-12/monthly"
"3/31/2024";"75.2 °F";"56.4 °F";"42.6 °F";"57.3 °F";"49.6 °F";"41.3 °F";"95 °%";"81 °%";"41 °%";"9.3 °mph";"1.1 °mph";"0.0 °mph";"30.03 °in";"29.91 °in";"0.00 °in";"https://www.wunderground.com/dashboard/pws/ICUENC39/table/2024-03-12/2024-03-12/monthly"
"Date";"High";"Avg";"Low";"High";"Avg";"Low";"High";"Avg";"Low";"High";"Avg";"Low";"High";"Low";"Sum";"https://www.wunderground.com/dashboard/pws/ICUENC39/table/2024-01-12/2024-01-12/monthly"
"1/1/2024";"73.5 °F";"58.9 °F";"53.9 °F";"59.9 °F";"54.5 °F";"51.6 °F";"96 °%";"86 °%";"50 °%";"8.9 °mph";"0.9 °mph";"0.0 °mph";"30.03 °in";"29.92 °in";"0.00 °in";"https://www.wunderground.com/dashboard/pws/ICUENC39/table/2024-01-12/2024-01-12/monthly"
"1/2/2024";"73.9 °F";"58.5 °F";"53.4 °F";"60.4 °F";"54.4 °F";"52.1 °F";"96 °%";"87 °%";"51 °%";"12.9 °mph";"1.7 °mph";"0.0 °mph";"30.02 °in";"29.91 °in";"0.00 °in";"https://www.wunderground.com/dashboard/pws/ICUENC39/table/2024-01-12/2024-01-12/monthly"
"1/3/2024";"75.9 °F";"59.5 °F";"54.6 °F";"58.2 °F";"53.8 °F";"49.4 °F";"94 °%";"84 °%";"41 °%";"10.5 °mph";"1.4 °mph";"0.0 °mph";"30.02 °in";"29.90 °in";"0.00 °in";"https://www.wunderground.com/dashboard/pws/ICUENC39/table/2024-01-12/2024-01-12/monthly"
"1/4/2024";"72.8 °F";"57.3 °F";"51.2 °F";"59.3 °F";"52.5 °F";"49.1 °F";"94 °%";"85 °%";"49 °%";"9.6 °mph";"1.5 °mph";"0.0 °mph";"30.04 °in";"29.94 °in";"0.00 °in";"https://www.wunderground.com/dashboard/pws/ICUENC39/table/2024-01-12/2024-01-12/monthly"
"1/5/2024";"73.0 °F";"58.0 °F";"48.3 °F";"58.2 °F";"52.6 °F";"47.1 °F";"96 °%";"84 °%";"50 °%";"9.1 °mph";"1.1 °mph";"0.0 °mph";"30.03 °in";"29.90 °in";"0.00 °in";"https://www.wunderground.com/dashboard/pws/ICUENC39/table/2024-01-12/2024-01-12/monthly"
"1/6/2024";"76.6 °F";"58.7 °F";"51.8 °F";"58.1 °F";"53.4 °F";"50.1 °F";"96 °%";"84 °%";"44 °%";"7.6 °mph";"0.7 °mph";"0.0 °mph";"30.00 °in";"29.86 °in";"0.00 °in";"https://www.wunderground.com/dashboard/pws/ICUENC39/table/2024-01-12/2024-01-12/monthly"
"1/7/2024";"69.6 °F";"57.7 °F";"47.8 °F";"53.9 °F";"49.9 °F";"45.8 °F";"96 °%";"78 °%";"45 °%";"8.2 °mph";"0.8 °mph";"0.0 °mph";"29.99 °in";"29.89 °in";"0.00 °in";"https://www.wunderground.com/dashboard/pws/ICUENC39/table/2024-01-12/2024-01-12/monthly"
"1/8/2024";"77.7 °F";"60.4 °F";"53.0 °F";"58.6 °F";"52.6 °F";"47.1 °F";"93 °%";"78 °%";"37 °%";"9.3 °mph";"1.1 °mph";"0.0 °mph";"30.00 °in";"29.86 °in";"0.00 °in";"https://www.wunderground.com/dashboard/pws/ICUENC39/table/2024-01-12/2024-01-12/monthly"
"1/9/2024";"70.3 °F";"58.1 °F";"54.6 °F";"59.3 °F";"54.5 °F";"52.7 °F";"96 °%";"88 °%";"63 °%";"7.8 °mph";"0.5 °mph";"0.0 °mph";"30.00 °in";"29.89 °in";"0.00 °in";"https://www.wunderground.com/dashboard/pws/ICUENC39/table/2024-01-12/2024-01-12/monthly"
"1/10/2024";"76.6 °F";"60.6 °F";"54.3 °F";"61.3 °F";"54.3 °F";"47.8 °F";"96 °%";"82 °%";"39 °%";"10.0 °mph";"1.3 °mph";"0.0 °mph";"30.01 °in";"29.89 °in";"0.00 °in";"https://www.wunderground.com/dashboard/pws/ICUENC39/table/2024-01-12/2024-01-12/monthly"
"1/11/2024";"71.7 °F";"57.2 °F";"50.3 °F";"57.7 °F";"51.9 °F";"47.8 °F";"96 °%";"84 °%";"46 °%";"8.9 °mph";"1.1 °mph";"0.0 °mph";"30.02 °in";"29.92 °in";"0.00 °in";"https://www.wunderground.com/dashboard/pws/ICUENC39/table/2024-01-12/2024-01-12/monthly"
"1/12/2024";"75.9 °F";"58.5 °F";"51.8 °F";"56.8 °F";"52.5 °F";"47.1 °F";"96 °%";"83 °%";"38 °%";"9.6 °mph";"1.0 °mph";"0.0 °mph";"30.02 °in";"29.90 °in";"0.00 °in";"https://www.wunderground.com/dashboard/pws/ICUENC39/table/2024-01-12/2024-01-12/monthly"
"1/13/2024";"78.6 °F";"59.7 °F";"52.8 °F";"59.7 °F";"53.4 °F";"47.3 °F";"96 °%";"82 °%";"37 °%";"8.9 °mph";"1.3 °mph";"0.0 °mph";"30.03 °in";"29.89 °in";"0.00 °in";"https://www.wunderground.com/dashboard/pws/ICUENC39/table/2024-01-12/2024-01-12/monthly"
"1/14/2024";"73.5 °F";"57.8 °F";"47.3 °F";"59.1 °F";"53.0 °F";"46.4 °F";"97 °%";"86 °%";"49 °%";"7.8 °mph";"0.8 °mph";"0.0 °mph";"30.04 °in";"29.88 °in";"0.00 °in";"https://www.wunderground.com/dashboard/pws/ICUENC39/table/2024-01-12/2024-01-12/monthly"
"1/15/2024";"69.4 °F";"58.8 °F";"53.2 °F";"58.4 °F";"53.5 °F";"50.5 °F";"96 °%";"83 °%";"57 °%";"7.3 °mph";"0.7 °mph";"0.0 °mph";"30.00 °in";"29.88 °in";"0.00 °in";"https://www.wunderground.com/dashboard/pws/ICUENC39/table/2024-01-12/2024-01-12/monthly"
"1/16/2024";"65.3 °F";"57.5 °F";"53.4 °F";"55.5 °F";"53.2 °F";"51.4 °F";"95 °%";"86 °%";"65 °%";"6.9 °mph";"0.7 °mph";"0.0 °mph";"30.00 °in";"29.90 °in";"0.00 °in";"https://www.wunderground.com/dashboard/pws/ICUENC39/table/2024-01-12/2024-01-12/monthly"
"1/17/2024";"68.9 °F";"58.6 °F";"53.7 °F";"57.2 °F";"53.6 °F";"52.3 °F";"95 °%";"84 °%";"60 °%";"7.6 °mph";"0.9 °mph";"0.0 °mph";"30.01 °in";"29.92 °in";"0.00 °in";"https://www.wunderground.com/dashboard/pws/ICUENC39/table/2024-01-12/2024-01-12/monthly"
"1/18/2024";"67.2 °F";"57.7 °F";"50.5 °F";"55.7 °F";"52.8 °F";"48.3 °F";"95 °%";"85 °%";"61 °%";"7.1 °mph";"0.7 °mph";"0.0 °mph";"30.02 °in";"29.93 °in";"0.00 °in";"https://www.wunderground.com/dashboard/pws/ICUENC39/table/2024-01-12/2024-01-12/monthly"
"1/19/2024";"68.3 °F";"57.8 °F";"47.3 °F";"56.3 °F";"51.1 °F";"45.6 °F";"95 °%";"80 °%";"49 °%";"7.8 °mph";"0.9 °mph";"0.0 °mph";"30.02 °in";"29.91 °in";"0.00 °in";"https://www.wunderground.com/dashboard/pws/ICUENC39/table/2024-01-12/2024-01-12/monthly"
"1/20/2024";"68.0 °F";"58.1 °F";"49.4 °F";"58.8 °F";"51.8 °F";"47.3 °F";"95 °%";"81 °%";"59 °%";"7.8 °mph";"1.0 °mph";"0.0 °mph";"30.00 °in";"29.90 °in";"0.00 °in";"https://www.wunderground.com/dashboard/pws/ICUENC39/table/2024-01-12/2024-01-12/monthly"
"1/21/2024";"68.5 °F";"58.9 °F";"52.5 °F";"57.0 °F";"52.7 °F";"50.1 °F";"93 °%";"81 °%";"56 °%";"7.8 °mph";"0.9 °mph";"0.0 °mph";"30.03 °in";"29.93 °in";"0.00 °in";"https://www.wunderground.com/dashboard/pws/ICUENC39/table/2024-01-12/2024-01-12/monthly"
"1/22/2024";"69.6 °F";"59.3 °F";"49.8 °F";"54.6 °F";"51.1 °F";"47.4 °F";"94 °%";"76 °%";"51 °%";"8.0 °mph";"1.0 °mph";"0.0 °mph";"30.04 °in";"29.94 °in";"0.00 °in";"https://www.wunderground.com/dashboard/pws/ICUENC39/table/2024-01-12/2024-01-12/monthly"
"1/23/2024";"76.6 °F";"61.7 °F";"50.7 °F";"55.9 °F";"51.9 °F";"48.0 °F";"92 °%";"72 °%";"40 °%";"7.1 °mph";"1.0 °mph";"0.0 °mph";"30.04 °in";"29.93 °in";"0.00 °in";"https://www.wunderground.com/dashboard/pws/ICUENC39/table/2024-01-12/2024-01-12/monthly"
"1/24/2024";"77.7 °F";"62.2 °F";"46.4 °F";"54.6 °F";"49.2 °F";"37.0 °F";"94 °%";"68 °%";"26 °%";"7.3 °mph";"0.9 °mph";"0.0 °mph";"30.02 °in";"29.93 °in";"0.00 °in";"https://www.wunderground.com/dashboard/pws/ICUENC39/table/2024-01-12/2024-01-12/monthly"
"1/25/2024";"80.0 °F";"56.6 °F";"38.1 °F";"59.0 °F";"47.2 °F";"37.0 °F";"96 °%";"76 °%";"28 °%";"8.0 °mph";"0.8 °mph";"0.0 °mph";"30.03 °in";"29.90 °in";"0.00 °in";"https://www.wunderground.com/dashboard/pws/ICUENC39/table/2024-01-12/2024-01-12/monthly"
"1/26/2024";"79.3 °F";"57.9 °F";"40.2 °F";"57.7 °F";"48.7 °F";"39.0 °F";"96 °%";"77 °%";"31 °%";"6.7 °mph";"0.5 °mph";"0.0 °mph";"30.04 °in";"29.90 °in";"0.00 °in";"https://www.wunderground.com/dashboard/pws/ICUENC39/table/2024-01-12/2024-01-12/monthly"
"1/27/2024";"81.6 °F";"58.8 °F";"44.9 °F";"59.5 °F";"50.8 °F";"43.3 °F";"95 °%";"79 °%";"31 °%";"9.3 °mph";"0.9 °mph";"0.0 °mph";"30.05 °in";"29.91 °in";"0.00 °in";"https://www.wunderground.com/dashboard/pws/ICUENC39/table/2024-01-12/2024-01-12/monthly"
"1/28/2024";"79.3 °F";"60.7 °F";"47.8 °F";"60.6 °F";"52.2 °F";"46.2 °F";"95 °%";"77 °%";"32 °%";"10.7 °mph";"1.0 °mph";"0.0 °mph";"30.05 °in";"29.91 °in";"0.00 °in";"https://www.wunderground.com/dashboard/pws/ICUENC39/table/2024-01-12/2024-01-12/monthly"
"1/29/2024";"77.3 °F";"60.9 °F";"51.9 °F";"58.1 °F";"53.3 °F";"48.7 °F";"95 °%";"79 °%";"42 °%";"6.4 °mph";"0.8 °mph";"0.0 °mph";"30.04 °in";"29.92 °in";"0.00 °in";"https://www.wunderground.com/dashboard/pws/ICUENC39/table/2024-01-12/2024-01-12/monthly"
"1/30/2024";"80.6 °F";"60.8 °F";"47.6 °F";"60.9 °F";"51.8 °F";"42.0 °F";"96 °%";"77 °%";"26 °%";"8.0 °mph";"1.1 °mph";"0.0 °mph";"30.04 °in";"29.90 °in";"0.00 °in";"https://www.wunderground.com/dashboard/pws/ICUENC39/table/2024-01-12/2024-01-12/monthly"
"1/31/2024";"77.3 °F";"60.1 °F";"53.6 °F";"58.2 °F";"54.1 °F";"49.6 °F";"95 °%";"82 °%";"40 °%";"11.4 °mph";"0.8 °mph";"0.0 °mph";"30.03 °in";"29.91 °in";"0.00 °in";"https://www.wunderground.com/dashboard/pws/ICUENC39/table/2024-01-12/2024-01-12/monthly"
"Date";"High";"Avg";"Low";"High";"Avg";"Low";"High";"Avg";"Low";"High";"Avg";"Low";"High";"Low";"Sum";"https://www.wunderground.com/dashboard/pws/ICUENC39/table/2024-02-12/2024-02-12/monthly"
"2/1/2024";"73.0 °F";"60.9 °F";"52.1 °F";"56.8 °F";"53.3 °F";"50.3 °F";"94 °%";"78 °%";"49 °%";"7.3 °mph";"0.5 °mph";"0.0 °mph";"30.04 °in";"29.93 °in";"0.00 °in";"https://www.wunderground.com/dashboard/pws/ICUENC39/table/2024-02-12/2024-02-12/monthly"
"2/2/2024";"76.6 °F";"59.0 °F";"51.2 °F";"59.3 °F";"53.0 °F";"46.9 °F";"95 °%";"83 °%";"40 °%";"10.0 °mph";"1.1 °mph";"0.0 °mph";"30.04 °in";"29.91 °in";"0.00 °in";"https://www.wunderground.com/dashboard/pws/ICUENC39/table/2024-02-12/2024-02-12/monthly"
"2/3/2024";"76.2 °F";"59.6 °F";"52.7 °F";"60.0 °F";"53.9 °F";"50.5 °F";"96 °%";"83 °%";"46 °%";"8.2 °mph";"0.8 °mph";"0.0 °mph";"30.02 °in";"29.90 °in";"0.00 °in";"https://www.wunderground.com/dashboard/pws/ICUENC39/table/2024-02-12/2024-02-12/monthly"
"2/4/2024";"67.4 °F";"57.8 °F";"50.9 °F";"57.2 °F";"52.4 °F";"50.0 °F";"96 °%";"83 °%";"58 °%";"0.0 °mph";"0.0 °mph";"0.0 °mph";"30.00 °in";"29.89 °in";"0.00 °in";"https://www.wunderground.com/dashboard/pws/ICUENC39/table/2024-02-12/2024-02-12/monthly"
"2/5/2024";"69.6 °F";"56.5 °F";"48.2 °F";"56.8 °F";"52.1 °F";"46.9 °F";"96 °%";"86 °%";"54 °%";"8.7 °mph";"0.4 °mph";"0.0 °mph";"30.03 °in";"29.93 °in";"0.00 °in";"https://www.wunderground.com/dashboard/pws/ICUENC39/table/2024-02-12/2024-02-12/monthly"
"2/6/2024";"69.8 °F";"55.0 °F";"44.4 °F";"55.0 °F";"48.7 °F";"43.3 °F";"96 °%";"82 °%";"49 °%";"7.3 °mph";"0.3 °mph";"0.0 °mph";"30.07 °in";"29.92 °in";"0.00 °in";"https://www.wunderground.com/dashboard/pws/ICUENC39/table/2024-02-12/2024-02-12/monthly"
"2/7/2024";"75.7 °F";"58.6 °F";"49.1 °F";"59.9 °F";"53.3 °F";"48.0 °F";"96 °%";"84 °%";"42 °%";"5.5 °mph";"0.5 °mph";"0.0 °mph";"30.04 °in";"29.91 °in";"0.00 °in";"https://www.wunderground.com/dashboard/pws/ICUENC39/table/2024-02-12/2024-02-12/monthly"
"2/8/2024";"73.9 °F";"58.0 °F";"45.8 °F";"57.5 °F";"50.6 °F";"44.7 °F";"97 °%";"80 °%";"44 °%";"6.7 °mph";"0.8 °mph";"0.0 °mph";"30.03 °in";"29.89 °in";"0.00 °in";"https://www.wunderground.com/dashboard/pws/ICUENC39/table/2024-02-12/2024-02-12/monthly"
"2/9/2024";"74.1 °F";"57.6 °F";"48.5 °F";"56.6 °F";"51.4 °F";"47.4 °F";"96 °%";"82 °%";"46 °%";"6.0 °mph";"0.6 °mph";"0.0 °mph";"30.03 °in";"29.89 °in";"0.00 °in";"https://www.wunderground.com/dashboard/pws/ICUENC39/table/2024-02-12/2024-02-12/monthly"
"2/10/2024";"69.2 °F";"57.1 °F";"46.5 °F";"57.2 °F";"51.7 °F";"44.7 °F";"95 °%";"84 °%";"54 °%";"5.8 °mph";"0.6 °mph";"0.0 °mph";"30.03 °in";"29.91 °in";"0.00 °in";"https://www.wunderground.com/dashboard/pws/ICUENC39/table/2024-02-12/2024-02-12/monthly"
"2/11/2024";"77.7 °F";"58.7 °F";"45.3 °F";"57.7 °F";"50.7 °F";"44.0 °F";"96 °%";"78 °%";"38 °%";"7.8 °mph";"1.1 °mph";"0.0 °mph";"30.02 °in";"29.89 °in";"0.00 °in";"https://www.wunderground.com/dashboard/pws/ICUENC39/table/2024-02-12/2024-02-12/monthly"
"2/12/2024";"75.3 °F";"60.2 °F";"52.7 °F";"59.9 °F";"54.5 °F";"49.6 °F";"96 °%";"84 °%";"43 °%";"8.0 °mph";"0.6 °mph";"0.0 °mph";"30.01 °in";"29.89 °in";"0.00 °in";"https://www.wunderground.com/dashboard/pws/ICUENC39/table/2024-02-12/2024-02-12/monthly"
"2/13/2024";"71.4 °F";"59.9 °F";"53.2 °F";"57.3 °F";"53.5 °F";"51.0 °F";"96 °%";"81 °%";"52 °%";"6.7 °mph";"0.4 °mph";"0.0 °mph";"30.02 °in";"29.91 °in";"0.00 °in";"https://www.wunderground.com/dashboard/pws/ICUENC39/table/2024-02-12/2024-02-12/monthly"
"2/14/2024";"73.5 °F";"60.4 °F";"55.0 °F";"57.5 °F";"53.2 °F";"49.6 °F";"92 °%";"79 °%";"48 °%";"7.8 °mph";"0.9 °mph";"0.0 °mph";"30.03 °in";"29.94 °in";"0.00 °in";"https://www.wunderground.com/dashboard/pws/ICUENC39/table/2024-02-12/2024-02-12/monthly"
"2/15/2024";"69.9 °F";"58.9 °F";"51.8 °F";"57.9 °F";"52.2 °F";"48.9 °F";"92 °%";"79 °%";"56 °%";"7.1 °mph";"0.5 °mph";"0.0 °mph";"30.04 °in";"29.96 °in";"0.00 °in";"https://www.wunderground.com/dashboard/pws/ICUENC39/table/2024-02-12/2024-02-12/monthly"
"2/16/2024";"72.3 °F";"60.4 °F";"53.4 °F";"57.7 °F";"53.4 °F";"50.7 °F";"93 °%";"79 °%";"52 °%";"7.1 °mph";"0.5 °mph";"0.0 °mph";"30.03 °in";"29.91 °in";"0.00 °in";"https://www.wunderground.com/dashboard/pws/ICUENC39/table/2024-02-12/2024-02-12/monthly"
"2/17/2024";"75.2 °F";"60.7 °F";"53.9 °F";"60.0 °F";"53.7 °F";"50.5 °F";"93 °%";"79 °%";"45 °%";"8.0 °mph";"0.2 °mph";"0.0 °mph";"30.02 °in";"29.90 °in";"0.00 °in";"https://www.wunderground.com/dashboard/pws/ICUENC39/table/2024-02-12/2024-02-12/monthly"
"2/18/2024";"74.4 °F";"59.8 °F";"48.9 °F";"57.2 °F";"51.5 °F";"47.6 °F";"96 °%";"77 °%";"42 °%";"0.0 °mph";"0.0 °mph";"0.0 °mph";"30.03 °in";"29.92 °in";"0.00 °in";"https://www.wunderground.com/dashboard/pws/ICUENC39/table/2024-02-12/2024-02-12/monthly"
"2/19/2024";"75.9 °F";"59.6 °F";"47.8 °F";"59.0 °F";"53.7 °F";"46.5 °F";"96 °%";"83 °%";"38 °%";"0.0 °mph";"0.0 °mph";"0.0 °mph";"30.05 °in";"29.94 °in";"0.00 °in";"https://www.wunderground.com/dashboard/pws/ICUENC39/table/2024-02-12/2024-02-12/monthly"
"2/20/2024";"69.2 °F";"57.6 °F";"52.3 °F";"58.8 °F";"53.8 °F";"50.5 °F";"95 °%";"88 °%";"56 °%";"0.0 °mph";"0.0 °mph";"0.0 °mph";"30.07 °in";"29.96 °in";"0.00 °in";"https://www.wunderground.com/dashboard/pws/ICUENC39/table/2024-02-12/2024-02-12/monthly"
"2/21/2024";"69.0 °F";"56.6 °F";"48.9 °F";"57.2 °F";"51.8 °F";"45.1 °F";"96 °%";"85 °%";"47 °%";"12.0 °mph";"1.6 °mph";"0.0 °mph";"30.06 °in";"29.94 °in";"0.01 °in";"https://www.wunderground.com/dashboard/pws/ICUENC39/table/2024-02-12/2024-02-12/monthly"
"2/22/2024";"69.8 °F";"56.1 °F";"45.6 °F";"56.8 °F";"50.3 °F";"43.8 °F";"95 °%";"82 °%";"55 °%";"12.0 °mph";"1.7 °mph";"0.0 °mph";"30.02 °in";"29.88 °in";"0.00 °in";"https://www.wunderground.com/dashboard/pws/ICUENC39/table/2024-02-12/2024-02-12/monthly"
"2/23/2024";"73.4 °F";"55.4 °F";"41.9 °F";"56.8 °F";"48.3 °F";"40.6 °F";"95 °%";"80 °%";"37 °%";"11.8 °mph";"1.3 °mph";"0.0 °mph";"30.02 °in";"29.89 °in";"0.00 °in";"https://www.wunderground.com/dashboard/pws/ICUENC39/table/2024-02-12/2024-02-12/monthly"
"2/24/2024";"78.2 °F";"56.0 °F";"41.7 °F";"56.8 °F";"47.8 °F";"35.6 °F";"96 °%";"78 °%";"24 °%";"11.8 °mph";"1.4 °mph";"0.0 °mph";"30.04 °in";"29.92 °in";"0.00 °in";"https://www.wunderground.com/dashboard/pws/ICUENC39/table/2024-02-12/2024-02-12/monthly"
"2/25/2024";"79.7 °F";"57.7 °F";"43.5 °F";"57.2 °F";"49.6 °F";"41.5 °F";"94 °%";"77 °%";"34 °%";"11.8 °mph";"1.3 °mph";"0.0 °mph";"30.05 °in";"29.93 °in";"0.00 °in";"https://www.wunderground.com/dashboard/pws/ICUENC39/table/2024-02-12/2024-02-12/monthly"
"2/26/2024";"75.0 °F";"57.9 °F";"51.2 °F";"57.7 °F";"52.7 °F";"48.7 °F";"94 °%";"84 °%";"42 °%";"7.8 °mph";"0.9 °mph";"0.0 °mph";"30.04 °in";"29.93 °in";"0.00 °in";"https://www.wunderground.com/dashboard/pws/ICUENC39/table/2024-02-12/2024-02-12/monthly"
"2/27/2024";"71.7 °F";"59.7 °F";"52.1 °F";"57.7 °F";"53.0 °F";"48.2 °F";"95 °%";"81 °%";"46 °%";"8.9 °mph";"0.9 °mph";"0.0 °mph";"30.01 °in";"29.88 °in";"0.00 °in";"https://www.wunderground.com/dashboard/pws/ICUENC39/table/2024-02-12/2024-02-12/monthly"
"2/28/2024";"71.7 °F";"58.4 °F";"44.9 °F";"56.1 °F";"51.3 °F";"43.7 °F";"96 °%";"79 °%";"46 °%";"6.4 °mph";"0.5 °mph";"0.0 °mph";"30.02 °in";"29.89 °in";"0.00 °in";"https://www.wunderground.com/dashboard/pws/ICUENC39/table/2024-02-12/2024-02-12/monthly"
"2/29/2024";"75.9 °F";"58.7 °F";"47.4 °F";"56.6 °F";"52.3 °F";"46.2 °F";"96 °%";"82 °%";"44 °%";"7.6 °mph";"1.0 °mph";"0.0 °mph";"30.02 °in";"29.90 °in";"0.00 °in";"https://www.wunderground.com/dashboard/pws/ICUENC39/table/2024-02-12/2024-02-12/monthly"
"Date";"High";"Avg";"Low";"High";"Avg";"Low";"High";"Avg";"Low";"High";"Avg";"Low";"High";"Low";"Sum";"https://www.wunderground.com/dashboard/pws/ICUENC39/table/2024-03-12/2024-03-12/monthly"
"3/1/2024";"73.0 °F";"58.2 °F";"52.5 °F";"60.8 °F";"53.9 °F";"51.4 °F";"96 °%";"87 °%";"49 °%";"6.9 °mph";"0.9 °mph";"0.0 °mph";"30.04 °in";"29.94 °in";"0.00 °in";"https://www.wunderground.com/dashboard/pws/ICUENC39/table/2024-03-12/2024-03-12/monthly"
"3/2/2024";"75.0 °F";"57.2 °F";"51.6 °F";"59.3 °F";"52.0 °F";"48.9 °F";"95 °%";"84 °%";"44 °%";"10.2 °mph";"0.9 °mph";"0.0 °mph";"30.04 °in";"29.95 °in";"0.00 °in";"https://www.wunderground.com/dashboard/pws/ICUENC39/table/2024-03-12/2024-03-12/monthly"
"3/3/2024";"70.7 °F";"56.7 °F";"46.7 °F";"57.0 °F";"51.8 °F";"45.5 °F";"96 °%";"85 °%";"51 °%";"9.3 °mph";"0.9 °mph";"0.0 °mph";"30.04 °in";"29.91 °in";"0.00 °in";"https://www.wunderground.com/dashboard/pws/ICUENC39/table/2024-03-12/2024-03-12/monthly"
"3/4/2024";"73.5 °F";"57.8 °F";"48.9 °F";"59.7 °F";"53.7 °F";"47.1 °F";"95 °%";"87 °%";"46 °%";"6.7 °mph";"0.7 °mph";"0.0 °mph";"30.02 °in";"29.89 °in";"0.00 °in";"https://www.wunderground.com/dashboard/pws/ICUENC39/table/2024-03-12/2024-03-12/monthly"
"3/5/2024";"78.6 °F";"60.8 °F";"53.9 °F";"58.1 °F";"54.1 °F";"48.9 °F";"96 °%";"81 °%";"40 °%";"7.1 °mph";"0.9 °mph";"0.0 °mph";"30.00 °in";"29.86 °in";"0.00 °in";"https://www.wunderground.com/dashboard/pws/ICUENC39/table/2024-03-12/2024-03-12/monthly"
"3/6/2024";"72.1 °F";"60.1 °F";"53.2 °F";"60.6 °F";"53.9 °F";"50.1 °F";"96 °%";"81 °%";"53 °%";"5.1 °mph";"0.6 °mph";"0.0 °mph";"30.00 °in";"29.88 °in";"0.00 °in";"https://www.wunderground.com/dashboard/pws/ICUENC39/table/2024-03-12/2024-03-12/monthly"
"3/7/2024";"71.2 °F";"60.2 °F";"55.0 °F";"58.8 °F";"53.4 °F";"49.8 °F";"92 °%";"79 °%";"50 °%";"7.1 °mph";"0.4 °mph";"0.0 °mph";"30.03 °in";"29.91 °in";"0.00 °in";"https://www.wunderground.com/dashboard/pws/ICUENC39/table/2024-03-12/2024-03-12/monthly"
"3/8/2024";"74.8 °F";"58.7 °F";"46.5 °F";"59.3 °F";"52.8 °F";"45.3 °F";"95 °%";"82 °%";"47 °%";"0.0 °mph";"0.0 °mph";"0.0 °mph";"30.04 °in";"29.92 °in";"0.00 °in";"https://www.wunderground.com/dashboard/pws/ICUENC39/table/2024-03-12/2024-03-12/monthly"
"3/9/2024";"72.3 °F";"57.8 °F";"45.5 °F";"56.1 °F";"50.9 °F";"44.4 °F";"96 °%";"80 °%";"48 °%";"0.0 °mph";"0.0 °mph";"0.0 °mph";"30.05 °in";"29.92 °in";"0.00 °in";"https://www.wunderground.com/dashboard/pws/ICUENC39/table/2024-03-12/2024-03-12/monthly"
"3/10/2024";"74.8 °F";"60.0 °F";"49.8 °F";"55.2 °F";"52.0 °F";"48.0 °F";"95 °%";"77 °%";"43 °%";"7.1 °mph";"0.8 °mph";"0.0 °mph";"30.04 °in";"29.92 °in";"0.00 °in";"https://www.wunderground.com/dashboard/pws/ICUENC39/table/2024-03-12/2024-03-12/monthly"
"3/11/2024";"72.1 °F";"59.9 °F";"48.9 °F";"53.9 °F";"51.4 °F";"47.1 °F";"95 °%";"75 °%";"47 °%";"6.4 °mph";"0.7 °mph";"0.0 °mph";"30.04 °in";"29.93 °in";"0.00 °in";"https://www.wunderground.com/dashboard/pws/ICUENC39/table/2024-03-12/2024-03-12/monthly"
"3/12/2024";"72.5 °F";"61.1 °F";"54.8 °F";"55.5 °F";"52.4 °F";"50.5 °F";"88 °%";"74 °%";"47 °%";"0.0 °mph";"0.0 °mph";"0.0 °mph";"30.05 °in";"29.94 °in";"0.00 °in";"https://www.wunderground.com/dashboard/pws/ICUENC39/table/2024-03-12/2024-03-12/monthly"
"3/13/2024";"75.2 °F";"60.8 °F";"54.3 °F";"61.7 °F";"53.6 °F";"51.4 °F";"92 °%";"79 °%";"47 °%";"0.0 °mph";"0.0 °mph";"0.0 °mph";"30.03 °in";"29.90 °in";"0.00 °in";"https://www.wunderground.com/dashboard/pws/ICUENC39/table/2024-03-12/2024-03-12/monthly"
"3/14/2024";"67.2 °F";"58.5 °F";"51.8 °F";"57.2 °F";"52.8 °F";"48.2 °F";"93 °%";"82 °%";"65 °%";"0.0 °mph";"0.0 °mph";"0.0 °mph";"30.02 °in";"29.92 °in";"0.00 °in";"https://www.wunderground.com/dashboard/pws/ICUENC39/table/2024-03-12/2024-03-12/monthly"
"3/15/2024";"68.0 °F";"58.2 °F";"50.1 °F";"53.7 °F";"50.4 °F";"47.4 °F";"93 °%";"77 °%";"52 °%";"0.0 °mph";"0.0 °mph";"0.0 °mph";"30.00 °in";"29.90 °in";"0.00 °in";"https://www.wunderground.com/dashboard/pws/ICUENC39/table/2024-03-12/2024-03-12/monthly"
"3/16/2024";"72.6 °F";"59.4 °F";"47.1 °F";"53.2 °F";"49.7 °F";"44.9 °F";"95 °%";"73 °%";"45 °%";"0.0 °mph";"0.0 °mph";"0.0 °mph";"30.01 °in";"29.89 °in";"0.00 °in";"https://www.wunderground.com/dashboard/pws/ICUENC39/table/2024-03-12/2024-03-12/monthly"
"3/17/2024";"78.0 °F";"58.4 °F";"39.2 °F";"53.6 °F";"46.8 °F";"37.9 °F";"96 °%";"70 °%";"34 °%";"10.5 °mph";"0.7 °mph";"0.0 °mph";"30.00 °in";"29.88 °in";"0.00 °in";"https://www.wunderground.com/dashboard/pws/ICUENC39/table/2024-03-12/2024-03-12/monthly"
"3/18/2024";"75.2 °F";"60.6 °F";"48.2 °F";"54.3 °F";"51.3 °F";"46.2 °F";"93 °%";"74 °%";"39 °%";"9.3 °mph";"0.8 °mph";"0.0 °mph";"30.03 °in";"29.90 °in";"0.00 °in";"https://www.wunderground.com/dashboard/pws/ICUENC39/table/2024-03-12/2024-03-12/monthly"
"3/19/2024";"70.5 °F";"55.5 °F";"45.6 °F";"54.8 °F";"49.3 °F";"44.0 °F";"95 °%";"82 °%";"51 °%";"6.4 °mph";"0.4 °mph";"0.0 °mph";"30.06 °in";"29.93 °in";"0.00 °in";"https://www.wunderground.com/dashboard/pws/ICUENC39/table/2024-03-12/2024-03-12/monthly"
"3/20/2024";"78.8 °F";"60.0 °F";"48.2 °F";"59.9 °F";"51.5 °F";"41.3 °F";"95 °%";"78 °%";"30 °%";"9.6 °mph";"1.1 °mph";"0.0 °mph";"30.04 °in";"29.91 °in";"0.00 °in";"https://www.wunderground.com/dashboard/pws/ICUENC39/table/2024-03-12/2024-03-12/monthly"
"3/21/2024";"78.6 °F";"60.4 °F";"52.1 °F";"59.5 °F";"54.6 °F";"49.6 °F";"95 °%";"83 °%";"38 °%";"10.7 °mph";"1.3 °mph";"0.0 °mph";"30.02 °in";"29.90 °in";"0.00 °in";"https://www.wunderground.com/dashboard/pws/ICUENC39/table/2024-03-12/2024-03-12/monthly"
"3/22/2024";"68.7 °F";"57.2 °F";"51.6 °F";"59.0 °F";"53.5 °F";"50.5 °F";"96 °%";"88 °%";"54 °%";"8.2 °mph";"0.8 °mph";"0.0 °mph";"30.03 °in";"29.96 °in";"0.00 °in";"https://www.wunderground.com/dashboard/pws/ICUENC39/table/2024-03-12/2024-03-12/monthly"
"3/23/2024";"74.3 °F";"57.2 °F";"48.2 °F";"60.0 °F";"52.5 °F";"47.1 °F";"96 °%";"86 °%";"50 °%";"8.5 °mph";"0.8 °mph";"0.0 °mph";"30.04 °in";"29.93 °in";"0.00 °in";"https://www.wunderground.com/dashboard/pws/ICUENC39/table/2024-03-12/2024-03-12/monthly"
"3/24/2024";"77.7 °F";"58.2 °F";"47.8 °F";"59.0 °F";"52.5 °F";"46.0 °F";"96 °%";"84 °%";"39 °%";"14.5 °mph";"1.4 °mph";"0.0 °mph";"30.02 °in";"29.90 °in";"0.00 °in";"https://www.wunderground.com/dashboard/pws/ICUENC39/table/2024-03-12/2024-03-12/monthly"
"3/25/2024";"77.0 °F";"57.0 °F";"44.0 °F";"58.8 °F";"49.7 °F";"42.8 °F";"96 °%";"80 °%";"35 °%";"13.1 °mph";"1.7 °mph";"0.0 °mph";"30.02 °in";"29.90 °in";"0.00 °in";"https://www.wunderground.com/dashboard/pws/ICUENC39/table/2024-03-12/2024-03-12/monthly"
"3/26/2024";"73.0 °F";"57.2 °F";"46.2 °F";"55.9 °F";"49.8 °F";"43.7 °F";"94 °%";"78 °%";"39 °%";"12.0 °mph";"1.6 °mph";"0.0 °mph";"30.04 °in";"29.90 °in";"0.00 °in";"https://www.wunderground.com/dashboard/pws/ICUENC39/table/2024-03-12/2024-03-12/monthly"
"3/27/2024";"73.7 °F";"54.1 °F";"39.2 °F";"55.0 °F";"44.7 °F";"36.5 °F";"96 °%";"76 °%";"28 °%";"12.7 °mph";"1.6 °mph";"0.0 °mph";"30.06 °in";"29.94 °in";"0.00 °in";"https://www.wunderground.com/dashboard/pws/ICUENC39/table/2024-03-12/2024-03-12/monthly"
"3/28/2024";"81.5 °F";"52.4 °F";"32.1 °F";"53.2 °F";"42.0 °F";"30.9 °F";"96 °%";"75 °%";"20 °%";"10.9 °mph";"0.9 °mph";"0.0 °mph";"30.07 °in";"29.91 °in";"0.00 °in";"https://www.wunderground.com/dashboard/pws/ICUENC39/table/2024-03-12/2024-03-12/monthly"
"3/29/2024";"69.6 °F";"52.2 °F";"39.5 °F";"53.9 °F";"47.0 °F";"38.3 °F";"96 °%";"84 °%";"52 °%";"8.5 °mph";"0.5 °mph";"0.0 °mph";"30.06 °in";"29.95 °in";"0.00 °in";"https://www.wunderground.com/dashboard/pws/ICUENC39/table/2024-03-12/2024-03-12/monthly"
"3/30/2024";"68.9 °F";"53.8 °F";"41.9 °F";"54.1 °F";"48.3 °F";"40.8 °F";"96 °%";"83 °%";"53 °%";"6.0 °mph";"0.4 °mph";"0.0 °mph";"30.05 °in";"29.93 °in";"0.00 °in";"https://www.wunderground.com/dashboard/pws/ICUENC39/table/2024-03-12/2024-03-12/monthly"
"3/31/2024";"75.2 °F";"56.4 °F";"42.6 °F";"57.3 °F";"49.6 °F";"41.3 °F";"95 °%";"81 °%";"41 °%";"9.3 °mph";"1.1 °mph";"0.0 °mph";"30.03 °in";"29.91 °in";"0.00 °in";"https://www.wunderground.com/dashboard/pws/ICUENC39/table/2024-03-12/2024-03-12/monthly"
